sample_id,project_type,city_tier,climate_zone,region,area_sqft,usable_area_pct,sunlight_hours,shade_level,floor_level,wind_exposure,load_capacity_level,railing_height_ft,waterproofing_status,drainage_quality,access_ease,surface_type,roof_material,ambient_heat_severity,avg_summer_temp_c,humidity_pct,rainfall_level,air_quality_level,dust_exposure,water_availability,irrigation_possible,orientation,surrounding_built_density,budget_inr,maintenance_preference,aesthetic_style,purpose_primary,child_pet_safe_required,edible_plants_preferred,flowering_preferred,privacy_required,seating_required,shade_required,biodiversity_priority,native_species_preference,recommendation_type,greenery_density,planter_type,irrigation_type,shade_solution,cooling_strategy,maintenance_level_pred,estimated_install_cost_inr,estimated_annual_maintenance_inr,expected_temp_reduction_c,expected_surface_temp_reduction_c,pollinator_support_score,privacy_score,feasibility_score,safety_score,species_primary,species_secondary,species_tertiary,species_mix_type,species_count_estimate,recommendation_acceptance_likelihood,long_term_success_likelihood,heat_mitigation_score,water_efficiency_score,overall_recommendation_score
SYN-000042-000000,balcony,tier_1,semi_arid,Hyderabad,59.49,80.8,6.49,none,3,0.4231,high,3.63,poor,ok,moderate,tiles,rcc,low,31.77,64,heavy_monsoon,poor,high,limited,0,mixed,high,69154,low,minimal_modern,cooling,0,0,0,0,0,1,1,1,planters_only,moderate,wooden_box,rainfed_only,shade_net_50,reflective_mulch,L1_light,68682.89,7102.25,4.2,6.13,0.3425,0.1,0.9088,0.8315,Holy basil (tulsi),Holy basil (tulsi),Holy basil (tulsi),single_species,1,0.5235,0.3656,0.438,0.505,0.4478
SYN-000042-000001,rooftop,tier_1,composite_monsoon,Lucknow,1633.95,61.8,7.07,low,7,0.4839,medium,3.7,fair,ok,difficult,concrete,rcc,moderate,33.39,65,dry,very_poor,medium,limited,0,N,very_high,39299,moderate,minimal_modern,aesthetics,0,0,0,0,0,0,0,0,planters_only,sparse,fabric_grow_bag,manual_watering,none,evapotranspiration_light,L2_moderate,45193.85,7939.19,5.242,7.028,0.422,0.1,0.9271,0.8761,Sedum mix,Dwarf lantana,Portulaca,tri_layer_simple,3,0.5296,0.3215,0.5738,0.505,0.5006
SYN-000042-000002,rooftop,tier_1,composite_monsoon,Mumbai_MMR,1639.01,57.4,8.39,high,6,0.8178,high,3.74,good,good,easy,concrete,rcc,moderate,34.98,92,moderate,poor,medium,adequate,1,S,high,8000,low,tropical_lush,food,0,1,1,1,0,1,0,1,herb_focused,moderate,plastic_basic,manual_watering,shade_net_50,evapotranspiration_light,L1_light,12000.0,658.89,5.873,6.907,0.5504,0.6,1.0,0.8819,Curry leaf screen,Marigold,Ridge gourd,polyculture_lite,4,0.5082,0.4942,0.6436,0.8625,0.598
SYN-000042-000003,balcony,tier_3,tropical_dry,Other,187.53,83.6,5.74,medium,4,0.3592,medium,2.57,fair,good,easy,tiles,rcc,low,34.57,45,heavy_monsoon,good,low,scarce,0,S,high,121619,low,colorful_annuals,low_maintenance_green,0,1,1,1,1,0,0,0,planters_only,dense,metal_trough,manual_watering,none,reflective_mulch,L2_moderate,139861.85,23871.17,6.903,8.549,0.3907,0.35,0.9058,0.744,Holy basil (tulsi),Malabar spinach,Curry leaf screen,tri_layer_simple,3,0.4038,0.2788,0.7149,0.45,0.5092
SYN-000042-000004,terrace,tier_2,semi_arid,Hyderabad,503.22,70.7,8.22,high,10,0.4203,medium,4.48,good,poor,moderate,concrete,rcc,moderate,31.4,77,moderate,poor,medium,adequate,1,W,medium,64360,low,mediterranean,food,0,1,0,0,0,1,0,0,herb_focused,moderate,modular_rail_planters,drip_timer,companion_tall_plants,evapotranspiration_light,L1_light,74014.0,7565.54,4.675,6.513,0.42,0.35,0.9908,0.8799,Marigold,Lemongrass screen,Ridge gourd,tri_layer_simple,3,0.6623,0.5572,0.5155,1.0,0.6917
SYN-000042-000005,balcony,tier_4,tropical_humid,Jaipur,91.35,64.3,4.26,high,8,0.4673,medium,3.93,good,good,moderate,concrete,rcc,low,31.89,50,dry,moderate,high,adequate,0,W,high,73637,high,kitchen_garden,mixed,0,0,1,0,0,0,0,0,intensive_green_roof_lite,moderate,concrete_custom,manual_watering,none,evapotranspiration_light,L3_intensive,66163.86,4699.75,3.914,6.292,0.1425,0.1,0.9865,0.8503,Holy basil (tulsi),Holy basil (tulsi),Holy basil (tulsi),single_species,1,0.3292,0.2899,0.4094,0.67,0.423
SYN-000042-000006,rooftop,tier_1,tropical_dry,Chennai,1327.69,58.8,5.29,medium,4,0.6213,medium,3.76,poor,ok,easy,soil_patch,tiles,high,33.4,28,moderate,moderate,high,adequate,1,mixed,high,63440,low,minimal_modern,aesthetics,0,0,1,1,0,1,1,1,shade_first_greenery,dense,modular_rail_planters,manual_watering,shade_net_50,evapotranspiration_heavy,L2_moderate,72956.0,5284.28,8.635,9.63,0.6596,0.35,0.9603,0.8216,Holy basil (tulsi),Vetiver grass,Bougainvillea,tri_layer_simple,3,0.6597,0.6134,0.9432,0.8625,0.8093
SYN-000042-000007,balcony,tier_2,tropical_humid,Kochi,174.45,90.0,5.09,none,8,0.2455,medium,3.61,poor,good,easy,tiles,rcc,low,35.33,63,dry,poor,medium,adequate,1,N,high,132665,moderate,tropical_lush,aesthetics,0,1,0,0,0,0,0,0,shade_first_greenery,moderate,wooden_box,drip_timer,umbrella_portable,evapotranspiration_light,L2_moderate,152564.75,14955.95,4.159,7.119,0.2747,0.1,0.9814,0.8668,Holy basil (tulsi),Malabar spinach,Mint,duo_complement,2,0.6408,0.564,0.4436,1.0,0.6266
SYN-000042-000008,rooftop,tier_1,composite_monsoon,Lucknow,1689.22,68.9,10.28,none,8,0.3796,high,3.3,fair,ok,moderate,tiles,tiles,low,30.92,50,heavy_monsoon,moderate,high,limited,0,NE,medium,36569,minimal,mediterranean,privacy,0,0,0,1,0,0,0,1,succulent_forward,dense,fabric_grow_bag,manual_watering,none,evapotranspiration_light,L1_light,42054.35,4256.8,7.07,10.783,0.3825,0.6,0.8977,0.8861,Curry leaf screen,Bougainvillea,Prickly pear,tri_layer_simple,3,0.6165,0.4989,0.725,0.505,0.6618
SYN-000042-000009,rooftop,tier_3,tropical_humid,Hyderabad,1760.75,72.0,9.73,low,12,0.3487,low,3.9,fair,good,difficult,concrete,rcc,moderate,36.23,61,heavy_monsoon,poor,medium,adequate,1,E,medium,112887,moderate,colorful_annuals,cooling,0,0,0,0,0,1,0,0,planters_only,dense,wooden_box,drip_timer,shade_net_75,combined_shade_et,L3_intensive,129820.05,13709.98,8.11,11.677,0.557,0.1,0.8864,0.8756,Marigold,Sweet basil,Okra,polyculture_lite,4,0.4318,0.4623,0.8725,1.0,0.621
SYN-000042-000010,balcony,tier_3,tropical_humid,NCR,170.8,68.4,6.82,medium,15,0.4984,medium,3.16,good,poor,moderate,soil_patch,rcc,moderate,32.08,59,moderate,poor,low,limited,0,mixed,high,54137,minimal,tropical_lush,biodiversity,0,0,0,0,0,0,1,1,succulent_forward,sparse,plastic_basic,rainfed_only,none,reflective_mulch,L0_minimal,62257.55,6949.65,5.945,7.015,0.5,0.1,0.8619,0.7057,Holy basil (tulsi),Dwarf lantana,Sedum mix,duo_complement,2,0.482,0.2257,0.6425,0.505,0.5317
SYN-000042-000011,balcony,tier_2,tropical_humid,Hyderabad,169.8,66.5,5.91,medium,11,0.3762,high,3.07,fair,good,moderate,tiles,rcc,low,35.6,72,dry,moderate,low,scarce,0,W,medium,61106,low,native_wild,mixed,0,1,1,0,0,0,0,0,planters_only,sparse,fabric_grow_bag,rainfed_only,none,evapotranspiration_light,L1_light,70271.9,6423.11,3.896,5.724,0.2762,0.1,0.9217,0.7123,Holy basil (tulsi),Malabar spinach,Prickly pear,duo_complement,2,0.5178,0.4535,0.4185,0.45,0.4538
SYN-000042-000012,rooftop,tier_1,composite_monsoon,Ahmedabad,2474.96,76.3,9.06,low,3,0.9679,low,3.36,unknown,good,difficult,wood_deck,rcc,extreme,35.48,71,heavy_monsoon,good,high,plentiful,1,N,very_high,105978,low,colorful_annuals,aesthetics,0,0,1,0,0,1,0,0,shade_first_greenery,very_dense,terracotta,drip_timer,companion_tall_plants,combined_shade_et,L2_moderate,121874.7,15691.15,10.788,15.635,0.508,0.1,0.7548,0.8226,Sedum mix,Portulaca,Plumeria,tri_layer_simple,3,0.665,0.6266,1.0,1.0,0.7954
SYN-000042-000013,terrace,tier_2,tropical_dry,Lucknow,926.62,70.9,7.08,none,11,0.3732,high,4.26,fair,good,easy,concrete,metal_sheet,extreme,37.68,58,moderate,very_poor,medium,adequate,1,SW,high,23788,minimal,kitchen_garden,cooling,1,0,0,0,0,1,0,1,raised_beds,dense,fabric_grow_bag,manual_watering,shade_net_75,combined_shade_et,L1_light,27356.2,2373.84,10.23,12.643,0.63,0.1,0.9198,0.8983,Vetiver grass,Marigold,Sweet potato vine,polyculture_lite,4,0.5821,0.5472,1.0,0.8625,0.6967
SYN-000042-000014,terrace,tier_3,composite_monsoon,Hyderabad,281.33,65.7,8.68,medium,2,0.333,high,3.67,good,ok,moderate,soil_patch,tiles,moderate,33.68,64,moderate,poor,low,scarce,0,mixed,low,138533,low,zen_sparse,cooling,0,0,1,1,0,1,0,0,planters_only,moderate,concrete_custom,rainfed_only,shade_net_50,reflective_mulch,L1_light,159312.95,18928.59,5.227,8.418,0.4236,0.6,0.9819,0.8957,Bougainvillea,Curry leaf screen,Prickly pear,tri_layer_simple,3,0.5115,0.3117,0.5736,0.45,0.5117
SYN-000042-000015,rooftop,tier_2,tropical_dry,Chennai,888.99,64.7,7.8,low,10,0.1893,low,2.92,fair,ok,moderate,concrete,rcc,moderate,35.45,59,heavy_monsoon,good,medium,plentiful,1,NW,medium,22812,moderate,colorful_annuals,cooling,0,0,1,1,1,0,0,0,succulent_forward,moderate,plastic_basic,drip_timer,umbrella_portable,evapotranspiration_light,L2_moderate,26233.8,4313.39,5.856,10.004,0.5529,0.6,0.8512,0.8112,Curry leaf screen,Sedum mix,Dwarf lantana,polyculture_lite,4,0.6259,0.5287,0.6439,1.0,0.6391
SYN-000042-000016,terrace,tier_1,semi_arid,Other,226.66,56.1,9.75,low,15,0.6038,low,4.06,good,poor,moderate,metal_deck,metal_sheet,moderate,29.38,48,dry,poor,low,plentiful,1,W,medium,71301,low,kitchen_garden,food,0,1,0,0,0,1,0,1,herb_focused,dense,plastic_basic,drip_timer,companion_tall_plants,reflective_mulch,L2_moderate,81996.15,12366.01,6.583,9.555,0.3,0.35,0.9137,0.8281,Marigold,Curry leaf,Curry leaf,duo_complement,2,0.5967,0.4089,0.7063,1.0,0.6764
SYN-000042-000017,rooftop,tier_3,tropical_humid,Mumbai_MMR,841.48,66.5,5.98,low,2,0.5615,low,3.87,good,good,easy,concrete,tiles,moderate,33.28,40,heavy_monsoon,very_poor,high,adequate,1,mixed,high,8000,low,native_wild,cooling,0,1,0,0,0,1,0,0,mixed_canopy_lite,sparse,fabric_grow_bag,drip_timer,pergola_lite,evapotranspiration_light,L1_light,12000.0,796.33,5.796,9.307,0.5415,0.1,0.8913,0.9264,Holy basil (tulsi),Coriander,Indian spinach (palak-like),polyculture_lite,4,0.5754,0.5261,0.6287,1.0,0.6783
SYN-000042-000018,rooftop,tier_2,tropical_humid,Ahmedabad,561.78,71.9,10.21,high,12,0.2524,high,3.67,fair,poor,moderate,mixed,rcc,low,37.0,71,heavy_monsoon,moderate,medium,plentiful,1,E,very_high,94243,low,colorful_annuals,cooling,0,1,1,1,0,1,0,1,green_wall_lite,moderate,concrete_custom,drip_timer,shade_net_75,evapotranspiration_light,L1_light,108379.45,11842.03,4.202,5.55,0.4035,0.6,0.9886,0.8749,Lemongrass,Curry leaf screen,Sweet potato vine,tri_layer_simple,3,0.7283,0.618,0.455,1.0,0.7183
SYN-000042-000019,terrace,tier_1,composite_monsoon,Lucknow,434.74,73.9,7.44,none,8,0.3344,medium,3.36,good,good,moderate,mixed,tiles,high,35.67,63,heavy_monsoon,poor,low,adequate,1,mixed,high,80727,high,minimal_modern,aesthetics,0,1,0,0,1,0,0,0,shade_first_greenery,moderate,fabric_grow_bag,drip_timer,pergola_lite,surface_shading,L3_intensive,92836.05,13120.43,7.401,12.609,0.4715,0.35,0.9307,0.827,Lemongrass,Lemongrass screen,Okra,tri_layer_simple,3,0.5001,0.4976,0.8293,1.0,0.7023
SYN-000042-000020,balcony,tier_2,tropical_humid,Jaipur,107.63,63.0,5.37,high,7,0.2921,medium,4.15,fair,good,moderate,concrete,rcc,low,37.82,49,moderate,good,low,adequate,0,NW,high,8000,low,tropical_lush,aesthetics,0,0,0,0,1,0,1,0,green_wall_lite,moderate,terracotta,manual_watering,none,evapotranspiration_light,L1_light,12000.0,675.54,4.221,4.803,0.4878,0.1,0.9414,0.943,Holy basil (tulsi),Jade plant,Sedum mix,duo_complement,2,0.6001,0.5925,0.4604,0.67,0.6366
SYN-000042-000021,terrace,tier_3,semi_arid,Kochi,378.31,78.5,3.95,low,12,0.3555,high,3.58,poor,good,moderate,tiles,rcc,high,32.46,60,moderate,very_poor,medium,plentiful,1,SW,high,151604,minimal,native_wild,cooling,0,1,1,0,1,0,0,1,succulent_forward,very_dense,fabric_grow_bag,drip_timer,shade_net_50,combined_shade_et,L1_light,174344.6,14365.12,7.797,12.837,0.3375,0.1,1.0,0.8846,Holy basil (tulsi),Malabar spinach,Malabar spinach,duo_complement,2,0.66,0.635,0.8577,1.0,0.7948
SYN-000042-000022,balcony,tier_2,tropical_humid,Other,78.98,60.1,5.49,high,7,0.2533,medium,3.25,good,ok,moderate,tiles,unknown,low,30.63,35,dry,very_poor,high,plentiful,1,W,high,119297,minimal,colorful_annuals,aesthetics,0,1,1,0,0,0,0,1,planters_only,sparse,plastic_basic,manual_watering,none,evapotranspiration_light,L0_minimal,45987.61,3774.18,3.636,6.504,0.2625,0.1,1.0,0.8708,Malabar spinach,Coriander,Mint,duo_complement,2,0.765,0.7082,0.3816,0.945,0.7651
SYN-000042-000023,balcony,tier_4,tropical_dry,Hyderabad,62.19,71.3,5.47,medium,9,0.5952,medium,3.23,fair,ok,easy,concrete,metal_sheet,low,35.49,92,moderate,poor,high,limited,0,NW,high,113088,moderate,colorful_annuals,privacy,0,0,1,1,0,0,1,1,succulent_forward,sparse,concrete_custom,manual_watering,umbrella_portable,reflective_mulch,L2_moderate,57615.09,9891.59,3.832,5.131,0.3556,0.35,0.9646,0.9031,Holy basil (tulsi),Holy basil (tulsi),Holy basil (tulsi),single_species,1,0.4523,0.2824,0.4117,0.505,0.4506
SYN-000042-000024,terrace,tier_3,tropical_humid,Kolkata,993.7,73.4,7.37,medium,1,0.6592,medium,3.49,good,good,easy,concrete,unknown,high,37.09,59,heavy_monsoon,poor,medium,adequate,1,W,very_high,123574,low,minimal_modern,mixed,0,0,0,0,1,0,0,1,intensive_green_roof_lite,dense,plastic_basic,drip_timer,shade_net_50,evapotranspiration_heavy,L2_moderate,142110.1,13815.37,8.941,14.039,0.479,0.1,1.0,0.8715,Vetiver grass,Okra,Lemongrass screen,tri_layer_simple,3,0.5868,0.5704,0.9892,1.0,0.7685
SYN-000042-000025,terrace,tier_1,tropical_humid,Other,328.01,77.7,9.46,low,6,0.6016,low,3.48,good,ok,easy,mixed,rcc,low,33.42,77,moderate,moderate,low,limited,1,E,medium,66077,low,minimal_modern,cooling,1,0,1,0,0,1,0,1,planters_only,moderate,concrete_custom,drip_timer,shade_net_50,reflective_mulch,L1_light,75988.55,4314.4,3.503,4.548,0.3847,0.1,0.866,0.9001,Sweet potato vine,Mogra jasmine,Okra,tri_layer_simple,3,0.5552,0.3343,0.3701,0.8975,0.5654
SYN-000042-000026,rooftop,tier_2,tropical_humid,Jaipur,799.04,72.2,9.56,none,15,0.4064,high,3.84,fair,good,easy,tiles,rcc,low,36.64,54,dry,poor,low,limited,1,SW,medium,27717,moderate,zen_sparse,food,0,1,1,0,0,0,1,0,mixed_canopy_lite,sparse,wooden_box,drip_timer,none,evapotranspiration_light,L2_moderate,31874.55,4851.6,5.126,9.357,0.7216,0.1,0.943,0.8008,Marigold,Zinnia,Sweet basil,polyculture_lite,4,0.5583,0.4942,0.5459,0.8975,0.647
SYN-000042-000027,rooftop,tier_1,tropical_humid,Bangalore,1112.78,59.7,7.89,medium,1,0.6703,medium,3.78,good,ok,moderate,concrete,unknown,high,33.31,53,dry,very_poor,high,adequate,1,SE,high,134121,high,tropical_lush,food,0,1,1,0,1,0,0,1,herb_focused,dense,modular_rail_planters,drip_timer,none,combined_shade_et,L3_intensive,154239.15,25969.02,8.118,10.802,0.4591,0.1,0.9358,0.8554,Okra,Marigold,Curry leaf screen,tri_layer_simple,3,0.4549,0.2761,0.8911,1.0,0.6388
SYN-000042-000028,rooftop,tier_2,tropical_humid,Mumbai_MMR,2189.0,65.3,9.43,low,12,0.3493,low,3.32,good,poor,moderate,wood_deck,tiles,high,34.41,68,moderate,good,high,limited,1,SE,medium,101755,moderate,kitchen_garden,biodiversity,1,0,0,1,0,0,0,1,mixed_canopy_lite,moderate,wooden_box,manual_watering,shade_net_50,evapotranspiration_light,L2_moderate,117018.25,20757.7,6.597,8.607,0.4649,0.6,0.8961,0.8764,Curry leaf screen,Okra,Sweet potato vine,tri_layer_simple,3,0.5019,0.4212,0.7436,0.6975,0.5686
SYN-000042-000029,balcony,tier_2,semi_arid,Hyderabad,76.38,74.6,6.23,none,10,0.6805,medium,3.75,poor,good,easy,tiles,wood,high,36.41,46,moderate,moderate,high,limited,1,E,medium,45555,low,colorful_annuals,food,0,1,0,1,1,0,0,0,herb_focused,sparse,vertical_stack,manual_watering,shade_net_50,evapotranspiration_light,L1_light,50008.06,3373.72,6.782,10.825,0.3554,0.6,0.9476,0.8829,Lemongrass screen,Holy basil (tulsi),Lemongrass,duo_complement,2,0.6865,0.6647,0.7706,0.6975,0.6829
SYN-000042-000030,terrace,tier_3,tropical_dry,Kochi,483.67,45.0,7.66,low,6,0.6286,low,4.17,fair,ok,moderate,concrete,rcc,low,34.64,68,dry,moderate,low,limited,0,SE,high,90611,low,zen_sparse,biodiversity,0,1,1,0,0,0,0,1,succulent_forward,sparse,wooden_box,rainfed_only,umbrella_portable,evapotranspiration_light,L1_light,104202.65,4818.0,4.245,5.227,0.3911,0.35,0.9246,0.8816,Curry leaf screen,Bush beans,Prickly pear,tri_layer_simple,3,0.64,0.3885,0.4493,0.505,0.5493
SYN-000042-000031,rooftop,tier_4,tropical_humid,Jaipur,1207.35,53.0,9.73,high,16,0.5685,high,4.02,good,ok,moderate,soil_patch,rcc,low,31.74,43,heavy_monsoon,poor,medium,adequate,1,mixed,medium,128864,moderate,zen_sparse,aesthetics,0,1,0,1,0,0,0,0,intensive_green_roof_lite,sparse,fabric_grow_bag,subirrigation,umbrella_portable,evapotranspiration_light,L1_light,148193.6,15069.93,3.802,5.366,0.3825,0.6,1.0,0.9103,Curry leaf screen,Lemongrass,Lemongrass screen,tri_layer_simple,3,0.7058,0.5098,0.3982,0.8625,0.6532
SYN-000042-000032,rooftop,tier_3,tropical_humid,Pune,2243.83,58.6,9.84,medium,11,0.5411,medium,4.52,good,ok,easy,tiles,rcc,moderate,33.22,35,moderate,moderate,high,plentiful,1,SW,medium,68053,moderate,minimal_modern,privacy,0,1,1,1,0,0,0,1,shade_first_greenery,moderate,vertical_stack,manual_watering,none,evapotranspiration_light,L2_moderate,78260.95,14293.6,5.106,5.978,0.5412,0.6,0.9511,0.8783,Curry leaf screen,Ridge gourd,Marigold,polyculture_lite,4,0.5421,0.4407,0.5596,0.945,0.5979
SYN-000042-000033,terrace,tier_1,semi_arid,Kolkata,452.81,71.1,6.14,medium,12,0.9528,high,3.0,poor,good,moderate,tiles,unknown,moderate,31.95,68,heavy_monsoon,good,medium,adequate,1,SE,low,76964,low,native_wild,aesthetics,0,1,1,1,0,1,1,1,herb_focused,dense,fabric_grow_bag,drip_timer,shade_net_50,evapotranspiration_light,L2_moderate,88508.6,16275.81,7.402,8.154,0.5,0.35,1.0,0.7452,Holy basil (tulsi),Malabar spinach,Malabar spinach,duo_complement,2,0.5359,0.6005,0.7882,1.0,0.7083
SYN-000042-000034,terrace,tier_1,composite_monsoon,Bangalore,186.39,75.0,6.35,low,7,0.4226,high,2.5,good,ok,difficult,concrete,rcc,low,36.26,61,heavy_monsoon,poor,medium,limited,0,mixed,very_high,93250,moderate,mediterranean,privacy,0,1,1,1,0,0,0,0,succulent_forward,dense,plastic_basic,rainfed_only,none,reflective_mulch,L3_intensive,107237.5,19685.64,7.749,11.146,0.3996,0.35,0.9127,0.7799,Holy basil (tulsi),Prickly pear,Malabar spinach,tri_layer_simple,3,0.3019,0.1082,0.8066,0.505,0.4035
SYN-000042-000035,terrace,tier_1,tropical_dry,Bangalore,174.7,69.6,5.21,low,1,0.3944,low,3.31,good,poor,easy,concrete,rcc,low,37.34,92,moderate,moderate,medium,scarce,0,E,medium,37468,high,zen_sparse,mixed,0,0,0,0,0,0,0,0,planters_only,dense,terracotta,manual_watering,umbrella_portable,evapotranspiration_light,L3_intensive,43088.2,5746.59,6.678,12.193,0.1653,0.1,0.8703,0.8806,Holy basil (tulsi),Holy basil (tulsi),Holy basil (tulsi),single_species,1,0.4567,0.2587,0.704,0.45,0.4966
SYN-000042-000036,rooftop,tier_3,tropical_dry,Hyderabad,2625.79,65.6,8.0,none,2,0.2024,high,3.52,good,good,moderate,tiles,rcc,moderate,35.26,43,heavy_monsoon,very_poor,high,adequate,1,SW,high,78197,low,zen_sparse,biodiversity,0,1,0,1,0,0,0,1,intensive_green_roof_lite,sparse,wooden_box,manual_watering,shade_net_50,evapotranspiration_light,L1_light,89926.55,7874.53,5.252,8.63,0.4319,0.6,0.9918,0.83,Curry leaf screen,Ridge gourd,Bottle gourd (compact),tri_layer_simple,3,0.6664,0.6805,0.5827,0.8625,0.709
SYN-000042-000037,rooftop,tier_1,composite_monsoon,Lucknow,1148.75,85.8,7.83,high,4,0.4672,high,3.15,good,ok,easy,tiles,metal_sheet,high,32.89,67,heavy_monsoon,poor,medium,adequate,1,E,very_high,67184,minimal,zen_sparse,food,1,1,0,0,1,1,0,0,mixed_canopy_lite,dense,terracotta,drip_timer,shade_net_75,evapotranspiration_heavy,L1_light,77261.6,4066.48,10.016,11.56,0.5775,0.35,1.0,0.8569,Lemongrass screen,Zinnia,Sweet potato vine,polyculture_lite,4,0.6764,0.5525,1.0,1.0,0.7998
SYN-000042-000038,terrace,tier_4,tropical_humid,Pune,597.46,65.7,6.95,low,11,0.4751,low,3.48,good,good,easy,mixed,rcc,low,32.92,65,moderate,poor,medium,adequate,1,mixed,high,44446,low,native_wild,cooling,0,1,1,0,1,1,1,0,planters_only,moderate,terracotta,manual_watering,shade_net_75,reflective_mulch,L1_light,51112.9,3761.97,3.953,6.103,0.4625,0.1,0.9268,0.8332,Marigold,Mini brinjal,Mini brinjal,duo_complement,2,0.4943,0.5051,0.4133,0.8625,0.5897
SYN-000042-000039,terrace,tier_4,composite_monsoon,NCR,223.39,75.5,6.83,none,20,0.4147,low,3.43,fair,good,moderate,mixed,rcc,low,32.92,74,moderate,good,medium,adequate,1,E,very_high,8000,low,native_wild,low_maintenance_green,0,0,1,0,1,1,0,0,mixed_canopy_lite,sparse,plastic_basic,manual_watering,shade_net_75,reflective_mulch,L1_light,12000.0,1173.36,4.497,5.82,0.3825,0.1,0.8818,0.8427,Marigold,Petunia,Mogra jasmine,tri_layer_simple,3,0.6152,0.6151,0.4677,0.8625,0.6424
SYN-000042-000040,rooftop,tier_3,tropical_humid,Indore,937.48,89.9,10.22,none,3,0.3329,medium,3.29,fair,good,easy,mixed,metal_sheet,moderate,33.84,92,heavy_monsoon,moderate,high,adequate,0,E,high,37731,minimal,minimal_modern,mixed,0,1,1,0,0,0,0,0,planters_only,sparse,plastic_basic,rainfed_only,umbrella_portable,evapotranspiration_light,L0_minimal,43390.65,2383.4,4.844,8.718,0.4244,0.1,0.9221,0.8734,Prickly pear,Scented geranium,Sweet basil,tri_layer_simple,3,0.6473,0.6656,0.5359,0.67,0.6675
SYN-000042-000041,terrace,tier_1,tropical_humid,Kochi,746.0,84.9,7.45,low,9,0.4164,medium,3.81,unknown,ok,moderate,tiles,rcc,low,33.5,73,moderate,good,medium,limited,1,mixed,medium,124092,high,native_wild,cooling,0,0,0,1,0,1,0,0,intensive_green_roof_lite,sparse,plastic_basic,drip_smart,shade_net_50,reflective_mulch,L2_moderate,142705.8,14347.13,4.566,6.176,0.3851,0.6,0.9735,0.8318,Lemongrass screen,Bougainvillea,Curry leaf screen,tri_layer_simple,3,0.4705,0.3976,0.4767,0.8975,0.566
SYN-000042-000042,terrace,tier_1,tropical_humid,Mumbai_MMR,298.42,74.7,5.95,medium,10,0.3733,medium,3.55,unknown,ok,difficult,concrete,rcc,low,31.35,59,moderate,moderate,high,limited,0,NW,medium,69314,minimal,mediterranean,low_maintenance_green,0,0,1,0,0,0,0,1,succulent_forward,dense,plastic_basic,manual_watering,none,evapotranspiration_light,L1_light,79711.1,8844.55,5.584,9.191,0.3825,0.1,0.818,0.7667,Holy basil (tulsi),Malabar spinach,Jade plant,tri_layer_simple,3,0.5879,0.378,0.5764,0.505,0.5764
SYN-000042-000043,rooftop,tier_4,tropical_humid,Mumbai_MMR,1757.88,58.7,9.65,low,5,0.4774,medium,3.33,good,good,easy,soil_patch,rcc,moderate,34.55,70,moderate,good,medium,adequate,1,E,very_high,63805,low,colorful_annuals,aesthetics,0,0,0,0,0,1,0,1,raised_beds,dense,metal_trough,manual_watering,pergola_lite,evapotranspiration_light,L2_moderate,73375.75,12821.64,8.613,15.531,0.5481,0.1,0.9835,0.8655,Marigold,Mini brinjal,Vetiver grass,polyculture_lite,4,0.6854,0.7226,0.9158,0.8625,0.8239
SYN-000042-000044,terrace,tier_2,semi_arid,Bangalore,316.75,71.5,6.78,medium,1,0.6954,high,4.04,good,ok,moderate,concrete,unknown,high,35.25,47,dry,poor,low,plentiful,1,S,high,162914,moderate,tropical_lush,aesthetics,0,0,1,1,1,1,1,0,intensive_green_roof_lite,dense,terracotta,drip_timer,shade_net_50,combined_shade_et,L3_intensive,187351.1,23220.58,10.327,15.491,0.5493,0.6,0.9871,0.8474,Bougainvillea,Lemongrass screen,Lemongrass screen,duo_complement,2,0.4792,0.3534,1.0,1.0,0.649
SYN-000042-000045,terrace,tier_2,tropical_dry,Kolkata,273.98,53.1,8.75,none,13,0.4583,medium,3.97,good,poor,moderate,tiles,rcc,low,33.6,28,moderate,very_poor,high,limited,1,W,high,8000,moderate,minimal_modern,food,0,1,0,1,1,1,1,1,herb_focused,moderate,plastic_basic,drip_timer,shade_net_50,reflective_mulch,L2_moderate,12000.0,1530.96,3.745,4.427,0.5857,0.6,0.9607,0.9012,Lemongrass screen,Curry leaf screen,Ridge gourd,tri_layer_simple,3,0.4933,0.3419,0.395,0.8975,0.5075
SYN-000042-000046,balcony,tier_2,composite_monsoon,Kolkata,95.56,43.3,2.69,low,7,0.3754,low,4.09,poor,good,moderate,mixed,wood,moderate,35.37,68,heavy_monsoon,poor,medium,adequate,1,NW,medium,55872,high,tropical_lush,mixed,0,1,1,0,0,1,0,1,green_wall_lite,dense,metal_trough,drip_timer,companion_tall_plants,evapotranspiration_light,L3_intensive,64252.8,9196.48,7.103,8.621,0.3124,0.1,0.863,0.8544,Holy basil (tulsi),Impatiens,Coriander,duo_complement,2,0.5263,0.4792,0.7682,1.0,0.6909
SYN-000042-000047,balcony,tier_2,tropical_humid,Mumbai_MMR,152.72,86.8,6.35,medium,18,0.4625,low,3.03,fair,ok,moderate,soil_patch,rcc,high,35.18,50,dry,moderate,high,adequate,1,mixed,high,118329,low,tropical_lush,food,0,1,0,1,0,1,0,0,herb_focused,very_dense,fabric_grow_bag,manual_watering,companion_tall_plants,evapotranspiration_heavy,L2_moderate,136078.35,12640.19,9.821,11.811,0.2289,0.35,0.8699,0.7689,Holy basil (tulsi),Holy basil (tulsi),Holy basil (tulsi),single_species,1,0.6389,0.4664,1.0,0.8625,0.7278
SYN-000042-000048,rooftop,tier_2,tropical_humid,Hyderabad,397.75,91.9,8.26,none,10,0.8263,medium,4.42,good,good,moderate,concrete,rcc,moderate,33.45,64,dry,moderate,low,adequate,1,S,medium,73715,moderate,native_wild,cooling,0,0,1,1,0,1,1,1,raised_beds,moderate,metal_trough,manual_watering,companion_tall_plants,evapotranspiration_light,L2_moderate,84772.25,8721.49,5.389,8.573,0.6224,0.6,0.9875,0.887,Vetiver grass,Bougainvillea,Lemongrass screen,tri_layer_simple,3,0.5967,0.5709,0.5888,0.8625,0.6326
SYN-000042-000049,terrace,tier_2,tropical_humid,NCR,245.64,68.1,8.24,medium,11,0.4265,low,3.12,good,good,difficult,metal_deck,rcc,extreme,35.28,75,moderate,poor,medium,adequate,1,W,low,40636,low,native_wild,aesthetics,1,0,0,0,1,1,0,1,planters_only,moderate,terracotta,manual_watering,pergola_lite,evapotranspiration_light,L1_light,46731.4,2324.71,9.06,13.853,0.507,0.1,0.8971,0.8097,Okra,Marigold,Curry leaf screen,tri_layer_simple,3,0.5337,0.5521,1.0,0.8625,0.7572
SYN-000042-000050,balcony,tier_4,composite_monsoon,Other,114.0,73.6,3.97,none,5,0.7504,low,3.95,poor,good,easy,wood_deck,rcc,high,35.31,69,heavy_monsoon,moderate,medium,plentiful,1,mixed,medium,161042,low,kitchen_garden,mixed,0,0,0,0,0,0,1,1,planters_only,moderate,modular_rail_planters,subirrigation,companion_tall_plants,evapotranspiration_light,L0_minimal,171877.32,10337.22,6.82,9.74,0.5496,0.1,0.888,0.8302,Holy basil (tulsi),Malabar spinach,Jade plant,duo_complement,2,0.6707,0.7417,0.7697,0.945,0.8122
SYN-000042-000051,rooftop,tier_3,semi_arid,Ahmedabad,781.93,65.9,11.18,low,6,0.8762,high,3.47,fair,ok,moderate,concrete,rcc,moderate,37.52,71,moderate,moderate,high,plentiful,1,NE,high,200664,moderate,minimal_modern,food,1,1,0,0,0,1,0,1,mixed_canopy_lite,moderate,metal_trough,drip_smart,shade_net_50,evapotranspiration_light,L1_light,230763.6,27561.11,5.749,7.747,0.5637,0.35,1.0,0.9262,Okra,Lemongrass screen,Ridge gourd,polyculture_lite,4,0.6586,0.5645,0.6419,1.0,0.6983
SYN-000042-000052,balcony,tier_3,tropical_humid,Mumbai_MMR,130.24,76.7,6.62,low,19,0.3788,medium,4.0,fair,poor,moderate,wood_deck,rcc,moderate,32.48,60,dry,poor,medium,scarce,1,S,medium,128440,minimal,kitchen_garden,food,0,1,1,1,0,0,0,1,mixed_canopy_lite,moderate,fabric_grow_bag,manual_watering,umbrella_portable,evapotranspiration_light,L0_minimal,147706.0,12209.37,5.22,8.018,0.18,0.35,0.9717,0.9087,Prickly pear,Prickly pear,Prickly pear,single_species,1,0.6573,0.4755,0.57,0.505,0.5963
SYN-000042-000053,terrace,tier_4,tropical_humid,NCR,499.16,59.4,7.34,medium,1,0.7873,medium,3.55,poor,poor,difficult,concrete,tiles,high,33.88,59,moderate,poor,medium,scarce,0,E,low,112498,minimal,minimal_modern,low_maintenance_green,0,1,1,0,1,1,0,0,mixed_canopy_lite,dense,fabric_grow_bag,manual_watering,shade_net_75,evapotranspiration_heavy,L1_light,129372.7,11357.67,10.083,16.354,0.4621,0.1,0.8117,0.8556,Prickly pear,Holy basil (tulsi),Sedum mix,tri_layer_simple,3,0.5818,0.2984,1.0,0.45,0.6196
SYN-000042-000054,rooftop,tier_4,tropical_humid,Jaipur,921.3,69.0,9.05,none,4,0.5502,medium,3.24,fair,good,moderate,tiles,rcc,high,37.9,82,heavy_monsoon,good,low,adequate,1,S,high,66955,low,colorful_annuals,aesthetics,0,0,1,1,0,0,0,1,intensive_green_roof_lite,dense,wooden_box,drip_timer,shade_net_50,evapotranspiration_heavy,L2_moderate,76998.25,7173.85,10.291,17.494,0.4832,0.6,0.9789,0.8537,Vetiver grass,Bougainvillea,Lemongrass screen,tri_layer_simple,3,0.5519,0.5462,1.0,1.0,0.7812
SYN-000042-000055,balcony,tier_2,composite_monsoon,NCR,132.3,71.6,4.6,high,20,0.7814,high,3.4,fair,ok,easy,concrete,rcc,low,34.21,82,moderate,good,high,scarce,0,mixed,medium,10261,minimal,zen_sparse,mixed,1,0,0,0,0,0,0,1,succulent_forward,moderate,plastic_basic,rainfed_only,none,evapotranspiration_light,L0_minimal,12000.0,1223.09,4.531,5.548,0.1489,0.1,0.8773,0.8889,Holy basil (tulsi),Holy basil (tulsi),Holy basil (tulsi),single_species,1,0.5408,0.3843,0.4762,0.45,0.5059
SYN-000042-000056,terrace,tier_2,composite_monsoon,Indore,824.56,82.1,10.04,medium,12,0.5234,medium,3.7,good,ok,easy,wood_deck,rcc,low,33.46,87,moderate,poor,high,scarce,1,NE,medium,135912,minimal,mediterranean,privacy,1,0,0,1,0,1,0,0,planters_only,dense,plastic_basic,manual_watering,pergola_lite,evapotranspiration_light,L1_light,156298.8,8773.56,5.762,9.805,0.5049,0.6,0.9523,0.8955,Portulaca,Curry leaf screen,Lemongrass screen,polyculture_lite,4,0.6917,0.4493,0.5961,0.505,0.6543
SYN-000042-000057,rooftop,tier_1,composite_monsoon,Mumbai_MMR,2365.73,68.5,10.04,low,5,0.4334,high,3.15,good,ok,moderate,concrete,rcc,low,36.76,88,moderate,poor,high,limited,0,SW,medium,67434,minimal,native_wild,biodiversity,0,0,1,0,1,1,0,0,planters_only,moderate,plastic_basic,manual_watering,companion_tall_plants,evapotranspiration_light,L0_minimal,77549.1,4662.19,4.934,8.101,0.5222,0.1,0.9472,0.7623,Dwarf lantana,Adenium,Portulaca,polyculture_lite,4,0.5489,0.3806,0.5272,0.505,0.5385
SYN-000042-000058,rooftop,tier_2,semi_arid,NCR,3609.97,66.6,9.69,low,1,0.3229,low,3.5,good,good,easy,wood_deck,rcc,moderate,32.39,38,moderate,moderate,medium,plentiful,1,S,medium,83059,minimal,zen_sparse,food,0,1,1,1,0,0,0,0,mixed_canopy_lite,moderate,terracotta,manual_watering,none,reflective_mulch,L0_minimal,95517.85,6892.49,4.678,5.178,0.42,0.6,0.9464,0.8072,Zinnia,Lemongrass screen,Prickly pear,tri_layer_simple,3,0.6533,0.6735,0.5158,0.945,0.64
SYN-000042-000059,terrace,tier_2,semi_arid,Jaipur,459.16,89.2,7.79,medium,10,0.3635,low,4.15,poor,good,moderate,wood_deck,tiles,moderate,36.27,66,moderate,poor,medium,limited,0,S,very_high,78445,low,tropical_lush,aesthetics,0,0,1,0,0,1,0,0,planters_only,dense,fabric_grow_bag,manual_watering,pergola_lite,surface_shading,L2_moderate,90211.75,9720.01,7.605,10.361,0.3172,0.1,0.9067,0.9146,Sedum mix,Prickly pear,Prickly pear,duo_complement,2,0.4527,0.3905,0.8222,0.505,0.5336
SYN-000042-000060,rooftop,tier_2,tropical_dry,Ahmedabad,1012.73,88.2,6.71,low,1,0.3386,low,3.6,good,ok,easy,concrete,rcc,moderate,33.82,75,moderate,moderate,high,plentiful,0,S,medium,8000,low,native_wild,food,1,1,1,1,0,1,0,0,mixed_canopy_lite,moderate,fabric_grow_bag,rainfed_only,pergola_lite,reflective_mulch,L1_light,12000.0,865.41,5.097,9.486,0.5443,0.6,0.9405,0.9163,Ridge gourd,Curry leaf screen,Curry leaf,polyculture_lite,4,0.6092,0.49,0.5612,0.7525,0.6073
SYN-000042-000061,terrace,tier_2,tropical_humid,NCR,276.67,66.6,8.27,none,8,0.2866,low,3.66,poor,ok,easy,green_roof_mat,metal_sheet,high,33.53,63,moderate,poor,high,adequate,0,W,high,94255,low,zen_sparse,cooling,1,0,1,0,1,0,0,0,shade_first_greenery,dense,metal_trough,rainfed_only,none,combined_shade_et,L2_moderate,108393.25,16774.27,8.473,10.548,0.4603,0.1,0.9154,0.9841,Sedum mix,Portulaca,Holy basil (tulsi),tri_layer_simple,3,0.4209,0.2231,0.9276,0.67,0.5581
SYN-000042-000062,terrace,tier_3,tropical_humid,Hyderabad,349.76,69.7,5.67,medium,1,0.4746,low,3.69,fair,ok,difficult,mixed,rcc,low,34.08,77,moderate,moderate,high,plentiful,1,NW,medium,59758,low,minimal_modern,mixed,0,1,0,0,0,0,0,0,green_wall_lite,moderate,vertical_stack,drip_timer,none,evapotranspiration_light,L1_light,68721.7,6725.09,4.389,6.143,0.2682,0.1,0.813,0.8613,Holy basil (tulsi),Coriander,Coriander,duo_complement,2,0.7492,0.6918,0.4615,1.0,0.7184
SYN-000042-000063,terrace,tier_4,tropical_dry,Other,554.96,83.0,7.51,medium,3,0.2617,high,3.66,good,ok,moderate,tiles,rcc,moderate,33.65,56,moderate,good,low,limited,1,mixed,medium,173409,minimal,tropical_lush,aesthetics,0,1,0,0,0,0,0,0,succulent_forward,dense,plastic_basic,subirrigation,none,evapotranspiration_light,L0_minimal,199420.35,14759.44,7.243,10.3,0.3034,0.1,1.0,0.8369,Scented geranium,Sweet basil,Sweet basil,duo_complement,2,0.6771,0.6717,0.775,0.6975,0.745
SYN-000042-000064,terrace,tier_2,semi_arid,Mumbai_MMR,667.63,67.6,6.11,high,11,0.582,medium,4.14,poor,ok,easy,tiles,unknown,moderate,33.58,85,moderate,moderate,low,plentiful,1,SE,very_high,119816,low,native_wild,food,0,1,1,1,1,0,0,0,mixed_canopy_lite,sparse,fabric_grow_bag,manual_watering,umbrella_portable,reflective_mulch,L1_light,137788.4,8130.13,6.162,7.575,0.423,0.6,1.0,0.845,Curry leaf screen,Malabar spinach,Holy basil (tulsi),tri_layer_simple,3,0.6243,0.4886,0.6666,0.945,0.6518
SYN-000042-000065,rooftop,tier_1,composite_monsoon,Bangalore,1496.05,67.8,8.61,medium,15,0.4931,low,3.79,fair,ok,moderate,tiles,rcc,low,37.42,47,moderate,moderate,medium,plentiful,1,NW,high,182287,moderate,mediterranean,aesthetics,1,0,0,1,0,1,0,0,raised_beds,moderate,concrete_custom,drip_smart,shade_net_75,evapotranspiration_light,L1_light,209630.05,24315.2,4.649,7.526,0.4057,0.6,0.8493,0.9401,Ridge gourd,Curry leaf screen,Ixora,tri_layer_simple,3,0.6666,0.531,0.5015,1.0,0.6461
SYN-000042-000066,rooftop,tier_2,tropical_humid,Other,1363.26,63.2,8.47,none,1,0.6036,high,3.27,good,poor,moderate,concrete,unknown,high,37.33,71,dry,poor,high,plentiful,1,mixed,low,21907,minimal,colorful_annuals,mixed,1,1,1,1,0,1,0,0,planters_only,moderate,plastic_basic,manual_watering,companion_tall_plants,combined_shade_et,L0_minimal,25193.05,1538.52,8.032,13.933,0.4802,0.6,0.9808,0.9313,Lemongrass screen,Lemongrass,Curry leaf screen,tri_layer_simple,3,0.6802,0.5322,0.8994,0.945,0.7938
SYN-000042-000067,terrace,tier_2,tropical_humid,Pune,239.28,75.4,6.65,high,6,0.5012,medium,4.03,fair,ok,easy,mixed,unknown,moderate,36.52,60,heavy_monsoon,poor,medium,plentiful,1,mixed,high,127125,low,tropical_lush,cooling,0,1,1,1,0,1,0,1,succulent_forward,moderate,vertical_stack,drip_smart,shade_net_75,evapotranspiration_light,L0_minimal,146193.75,14556.04,5.785,10.889,0.4385,0.6,1.0,0.88,Curry leaf screen,Ridge gourd,Lemongrass screen,tri_layer_simple,3,0.6575,0.5988,0.6413,1.0,0.7071
SYN-000042-000068,terrace,tier_2,semi_arid,Mumbai_MMR,246.01,71.9,6.05,low,1,0.4044,high,3.42,poor,ok,moderate,metal_deck,rcc,low,36.91,64,dry,moderate,medium,adequate,1,mixed,medium,66770,minimal,zen_sparse,food,0,1,0,0,0,0,1,1,herb_focused,moderate,plastic_basic,drip_timer,none,reflective_mulch,L0_minimal,76785.5,3624.71,4.486,7.477,0.603,0.1,0.9952,0.8885,Holy basil (tulsi),Mint,Coriander,tri_layer_simple,3,0.6838,0.608,0.483,1.0,0.6805
SYN-000042-000069,terrace,tier_2,tropical_humid,Ahmedabad,317.11,63.0,6.01,none,5,0.7961,medium,4.06,unknown,good,easy,concrete,rcc,moderate,34.69,56,heavy_monsoon,moderate,medium,plentiful,1,S,very_high,70541,high,colorful_annuals,cooling,0,0,0,0,0,0,0,1,green_wall_lite,moderate,terracotta,drip_timer,none,evapotranspiration_light,L3_intensive,81122.15,7764.06,6.338,9.808,0.3089,0.1,1.0,0.8634,Holy basil (tulsi),Malabar spinach,Malabar spinach,duo_complement,2,0.527,0.5564,0.6889,1.0,0.6558
SYN-000042-000070,terrace,tier_2,composite_monsoon,Mumbai_MMR,622.33,73.5,5.26,none,14,0.7307,high,3.12,fair,ok,moderate,mixed,rcc,high,32.32,69,dry,moderate,medium,adequate,0,W,high,141539,low,tropical_lush,cooling,0,0,0,1,0,1,0,0,mixed_canopy_lite,very_dense,terracotta,manual_watering,pergola_lite,evapotranspiration_heavy,L2_moderate,162769.85,16770.24,8.351,15.51,0.5775,0.6,1.0,0.7594,Bougainvillea,Holy basil (tulsi),Snake plant,polyculture_lite,4,0.601,0.3895,0.9131,0.67,0.614
SYN-000042-000071,rooftop,tier_4,composite_monsoon,Mumbai_MMR,495.57,82.9,8.25,low,4,0.1852,medium,3.36,poor,good,easy,concrete,rcc,low,38.15,54,moderate,good,high,limited,1,E,medium,142499,low,native_wild,food,1,1,1,0,0,0,0,0,herb_focused,sparse,fabric_grow_bag,drip_smart,none,evapotranspiration_light,L0_minimal,163873.85,9064.94,5.209,6.409,0.4095,0.1,0.9832,0.9261,Scented geranium,Sweet basil,Marigold,tri_layer_simple,3,0.7525,0.6049,0.5606,0.8975,0.7113
SYN-000042-000072,terrace,tier_2,tropical_humid,Other,489.04,62.2,9.58,high,1,0.386,high,4.05,good,poor,moderate,concrete,rcc,moderate,36.09,33,dry,poor,high,adequate,1,mixed,medium,93708,low,tropical_lush,cooling,0,0,0,0,0,1,0,1,green_wall_lite,moderate,vertical_stack,manual_watering,shade_net_75,combined_shade_et,L1_light,107764.2,10777.94,5.361,8.326,0.3162,0.1,0.9816,0.8894,Sedum mix,Bottle gourd (compact),Bottle gourd (compact),duo_complement,2,0.5737,0.4417,0.597,0.8625,0.6246
SYN-000042-000073,rooftop,tier_1,tropical_dry,Other,1868.24,54.6,9.62,medium,7,0.543,high,3.83,good,good,moderate,tiles,rcc,moderate,32.95,77,heavy_monsoon,good,high,limited,1,S,high,52620,low,native_wild,aesthetics,0,0,1,0,0,0,1,1,shade_first_greenery,moderate,metal_trough,drip_timer,none,evapotranspiration_light,L1_light,60513.0,7144.0,4.878,5.674,0.62,0.1,0.994,0.8539,Mogra jasmine,Marigold,Dianthus,tri_layer_simple,3,0.5981,0.573,0.5358,0.8975,0.6371
SYN-000042-000074,terrace,tier_2,tropical_humid,NCR,488.43,68.6,4.88,medium,1,0.5267,medium,3.82,good,ok,easy,tiles,rcc,moderate,34.77,62,heavy_monsoon,good,low,plentiful,1,mixed,very_high,76906,minimal,zen_sparse,biodiversity,1,0,1,0,0,0,1,0,green_wall_lite,dense,plastic_basic,drip_timer,shade_net_50,evapotranspiration_light,L1_light,88441.9,8585.34,8.558,13.713,0.6293,0.1,0.9702,0.9042,Malabar spinach,Coriander,Holy basil (tulsi),tri_layer_simple,3,0.6846,0.519,0.9113,1.0,0.7777
SYN-000042-000075,rooftop,tier_1,tropical_humid,Kolkata,1520.84,71.0,10.59,medium,1,0.485,medium,3.25,fair,ok,difficult,mixed,rcc,high,30.74,55,dry,poor,medium,adequate,1,S,high,54769,low,colorful_annuals,biodiversity,0,1,0,1,1,1,0,0,planters_only,moderate,metal_trough,drip_timer,shade_net_50,combined_shade_et,L1_light,62984.35,3475.65,6.871,11.829,0.5775,0.6,1.0,0.8214,Curry leaf screen,Lemongrass screen,Bougainvillea,polyculture_lite,4,0.6366,0.4944,0.7651,1.0,0.718
SYN-000042-000076,rooftop,tier_4,composite_monsoon,Bangalore,2937.19,76.6,9.08,none,20,0.1529,low,3.41,fair,ok,moderate,tiles,rcc,moderate,33.76,53,dry,good,low,limited,0,NE,high,18875,minimal,minimal_modern,cooling,1,0,1,0,0,1,0,0,succulent_forward,sparse,plastic_basic,manual_watering,shade_net_75,evapotranspiration_light,L0_minimal,21706.25,2188.54,5.552,8.74,0.544,0.1,0.8169,0.8953,Portulaca,Sedum mix,Marigold,polyculture_lite,4,0.6004,0.3842,0.6064,0.505,0.5496
SYN-000042-000077,rooftop,tier_1,semi_arid,Mumbai_MMR,1420.54,61.0,9.39,medium,15,0.3799,medium,3.0,unknown,ok,easy,soil_patch,tiles,moderate,35.34,74,heavy_monsoon,moderate,medium,adequate,1,mixed,very_high,131736,high,minimal_modern,mixed,1,0,1,0,0,1,0,0,intensive_green_roof_lite,sparse,fabric_grow_bag,drip_smart,companion_tall_plants,evapotranspiration_light,L2_moderate,151496.4,14540.91,5.555,8.336,0.5523,0.1,1.0,0.8019,Miniature rose,Petunia,Zinnia,polyculture_lite,4,0.5551,0.4199,0.6133,1.0,0.6567
SYN-000042-000078,rooftop,tier_2,tropical_humid,Ahmedabad,989.8,86.0,6.21,low,17,0.7025,medium,2.93,fair,ok,difficult,mixed,tiles,high,34.69,52,heavy_monsoon,moderate,low,adequate,0,NE,low,97645,moderate,zen_sparse,biodiversity,1,0,1,1,0,0,0,0,intensive_green_roof_lite,dense,terracotta,manual_watering,pergola_lite,evapotranspiration_heavy,L3_intensive,112291.75,20569.09,10.296,15.325,0.5864,0.6,0.9784,0.8065,Holy basil (tulsi),Lemongrass screen,Sedum mix,polyculture_lite,4,0.4346,0.2151,1.0,0.67,0.5841
SYN-000042-000079,rooftop,tier_2,semi_arid,Ahmedabad,2276.35,78.8,9.05,low,1,0.5168,low,3.55,good,good,moderate,concrete,rcc,moderate,36.1,46,moderate,very_poor,medium,scarce,0,mixed,high,143296,high,native_wild,mixed,1,0,0,0,0,0,1,0,planters_only,moderate,concrete_custom,manual_watering,shade_net_50,combined_shade_et,L3_intensive,164790.4,24549.78,5.9,9.442,0.7563,0.1,0.8207,0.9112,Sedum mix,Portulaca,Zinnia,polyculture_lite,4,0.3532,0.3094,0.6511,0.45,0.4251
SYN-000042-000080,terrace,tier_2,tropical_humid,Hyderabad,350.52,83.2,10.07,low,8,0.2687,medium,3.21,fair,poor,moderate,tiles,rcc,low,37.34,81,heavy_monsoon,poor,medium,adequate,1,W,medium,57754,low,minimal_modern,biodiversity,1,1,0,0,0,0,0,1,herb_focused,dense,terracotta,drip_timer,umbrella_portable,reflective_mulch,L2_moderate,66417.1,9349.47,7.688,9.944,0.4053,0.35,0.9229,0.9031,Curry leaf screen,Bush beans,Okra,tri_layer_simple,3,0.5899,0.5244,0.8051,1.0,0.6763
SYN-000042-000081,terrace,tier_1,tropical_humid,Hyderabad,443.15,76.7,7.21,none,2,0.2466,high,3.39,poor,poor,easy,mixed,metal_sheet,extreme,35.38,52,moderate,good,high,scarce,1,mixed,very_high,9920,low,minimal_modern,aesthetics,1,0,0,0,1,0,0,0,succulent_forward,sparse,terracotta,rainfed_only,shade_net_50,combined_shade_et,L1_light,12000.0,1107.56,8.509,14.553,0.3875,0.1,0.9298,0.8875,Sedum mix,Portulaca,Portulaca,duo_complement,2,0.5326,0.3556,0.9689,0.505,0.6244
SYN-000042-000082,balcony,tier_1,semi_arid,Kolkata,202.26,63.2,4.48,low,11,0.4273,medium,4.11,unknown,ok,easy,mixed,tiles,low,36.83,79,dry,good,medium,plentiful,1,E,high,64586,low,zen_sparse,low_maintenance_green,0,0,0,0,0,0,0,0,shade_first_greenery,moderate,metal_trough,manual_watering,none,reflective_mulch,L1_light,74273.9,5374.84,5.302,8.153,0.2826,0.1,0.9947,0.9025,Tradescantia,Malabar spinach,Malabar spinach,duo_complement,2,0.5771,0.5866,0.5642,0.945,0.6239
SYN-000042-000083,balcony,tier_1,composite_monsoon,Kolkata,92.51,70.2,3.23,medium,15,0.5579,medium,2.84,good,poor,difficult,mixed,rcc,moderate,34.09,50,moderate,poor,medium,limited,0,W,high,93992,moderate,minimal_modern,aesthetics,0,1,0,1,0,0,0,1,planters_only,sparse,modular_rail_planters,manual_watering,none,evapotranspiration_light,L2_moderate,64007.82,6816.93,5.568,9.57,0.3057,0.35,0.8942,0.7863,Holy basil (tulsi),Money plant (dense),Pothos,duo_complement,2,0.4974,0.2658,0.6094,0.505,0.4973
SYN-000042-000084,terrace,tier_1,tropical_humid,Kolkata,482.23,75.9,8.74,low,4,0.6094,medium,3.46,unknown,ok,easy,wood_deck,metal_sheet,moderate,34.73,75,dry,good,medium,scarce,1,W,high,60946,moderate,colorful_annuals,low_maintenance_green,0,0,1,0,0,0,0,0,planters_only,sparse,vertical_stack,rainfed_only,shade_net_50,evapotranspiration_light,L2_moderate,70087.9,7091.18,5.348,6.427,0.3091,0.35,0.9422,0.8474,Dwarf lantana,Bougainvillea,Bougainvillea,duo_complement,2,0.492,0.247,0.5901,0.505,0.468
SYN-000042-000085,rooftop,tier_4,tropical_humid,Other,654.98,82.7,9.62,none,19,0.6048,medium,2.69,fair,good,moderate,concrete,rcc,low,34.73,38,heavy_monsoon,moderate,medium,plentiful,1,N,high,71823,minimal,native_wild,aesthetics,0,1,0,0,0,0,0,0,intensive_green_roof_lite,dense,plastic_basic,manual_watering,none,evapotranspiration_light,L1_light,82596.45,3882.07,5.669,8.048,0.5116,0.1,0.9697,0.8078,Zinnia,Scented geranium,Lemongrass,polyculture_lite,4,0.6383,0.6117,0.5922,0.945,0.6461
SYN-000042-000086,rooftop,tier_1,tropical_dry,NCR,2145.66,58.7,9.83,medium,7,0.6572,medium,3.95,unknown,ok,moderate,concrete,metal_sheet,high,36.04,78,dry,moderate,high,limited,1,N,medium,127076,low,minimal_modern,cooling,1,0,0,0,0,1,0,1,mixed_canopy_lite,very_dense,vertical_stack,drip_timer,companion_tall_plants,evapotranspiration_heavy,L2_moderate,146137.4,24833.97,8.971,11.911,0.4735,0.1,0.9557,0.9138,Marigold,Vetiver grass,Holy basil (tulsi),tri_layer_simple,3,0.4951,0.3228,0.9879,0.8975,0.6106
SYN-000042-000087,balcony,tier_1,tropical_humid,NCR,54.49,63.8,4.89,none,16,0.5628,medium,3.96,fair,good,difficult,tiles,rcc,high,30.77,61,moderate,moderate,low,plentiful,1,N,medium,212162,minimal,native_wild,biodiversity,1,0,1,0,1,0,0,1,intensive_green_roof_lite,moderate,fabric_grow_bag,drip_smart,umbrella_portable,combined_shade_et,L0_minimal,155198.72,18183.1,7.049,7.761,0.2175,0.1,0.9321,0.8878,Holy basil (tulsi),Holy basil (tulsi),Holy basil (tulsi),single_species,1,0.7616,0.6826,0.7829,1.0,0.7708
SYN-000042-000088,rooftop,tier_3,composite_monsoon,Kolkata,1296.8,70.1,12.78,low,5,0.4175,high,2.97,good,ok,easy,concrete,tiles,moderate,31.51,57,dry,poor,medium,limited,0,NW,high,38951,minimal,colorful_annuals,aesthetics,0,0,0,1,0,0,1,1,planters_only,sparse,terracotta,manual_watering,none,reflective_mulch,L0_minimal,44793.65,3275.83,5.376,6.377,0.62,0.6,0.9628,0.7522,Sedum mix,Curry leaf screen,Bougainvillea,tri_layer_simple,3,0.637,0.4398,0.5856,0.505,0.594
SYN-000042-000089,terrace,tier_1,tropical_humid,Bangalore,647.35,50.7,6.38,none,7,0.296,medium,4.13,good,poor,difficult,tiles,rcc,high,32.8,43,dry,moderate,high,scarce,1,S,low,72608,minimal,kitchen_garden,aesthetics,0,0,0,0,0,0,0,0,planters_only,moderate,plastic_basic,manual_watering,shade_net_50,combined_shade_et,L0_minimal,83499.2,6695.37,5.843,11.027,0.4575,0.1,0.8727,0.811,Holy basil (tulsi),Jade plant,Snake plant,tri_layer_simple,3,0.6884,0.3834,0.6623,0.505,0.5735
SYN-000042-000090,rooftop,tier_1,semi_arid,Mumbai_MMR,1309.87,75.9,7.79,none,3,0.3306,high,3.83,fair,good,moderate,tiles,rcc,moderate,36.61,62,moderate,poor,medium,adequate,1,NW,medium,101148,low,native_wild,mixed,0,0,1,0,0,0,0,0,intensive_green_roof_lite,sparse,modular_rail_planters,manual_watering,none,surface_shading,L1_light,116320.2,13378.73,6.129,9.526,0.439,0.1,0.9711,0.891,Zinnia,Ixora,Cherry tomato,tri_layer_simple,3,0.7299,0.7157,0.6761,0.8625,0.7536
SYN-000042-000091,balcony,tier_4,tropical_dry,Bangalore,63.25,68.6,3.87,low,8,0.3951,low,3.57,good,good,moderate,concrete,rcc,low,36.24,49,moderate,good,low,adequate,1,W,high,31743,moderate,mediterranean,aesthetics,1,0,1,0,0,0,0,0,mixed_canopy_lite,sparse,plastic_basic,drip_timer,none,evapotranspiration_light,L2_moderate,36504.45,5772.69,4.9,7.679,0.1595,0.1,0.9096,0.9119,Coleus,Coleus,Coleus,single_species,1,0.5742,0.5803,0.5216,1.0,0.6391
SYN-000042-000092,rooftop,tier_4,tropical_humid,Other,1012.92,82.4,7.64,medium,1,0.801,high,3.21,unknown,good,difficult,tiles,metal_sheet,high,33.91,81,dry,moderate,high,limited,1,NW,high,92884,high,colorful_annuals,privacy,1,0,1,1,0,0,0,0,mixed_canopy_lite,moderate,terracotta,drip_timer,shade_net_50,evapotranspiration_light,L3_intensive,106816.6,13342.32,6.735,12.298,0.5823,0.6,0.8724,0.9473,Lemongrass screen,Sedum mix,Vetiver grass,polyculture_lite,4,0.3642,0.2507,0.7553,0.8975,0.5294
SYN-000042-000093,balcony,tier_3,tropical_humid,NCR,223.17,77.6,4.06,high,7,0.6221,medium,3.84,poor,good,easy,wood_deck,rcc,low,34.66,64,moderate,poor,medium,limited,0,S,high,91414,low,tropical_lush,biodiversity,0,0,1,1,0,0,0,1,succulent_forward,sparse,modular_rail_planters,manual_watering,none,reflective_mulch,L1_light,105126.1,6765.28,4.237,5.885,0.3912,0.6,0.9206,0.8727,Holy basil (tulsi),Bougainvillea,Malabar spinach,tri_layer_simple,3,0.5553,0.405,0.4486,0.505,0.5167
SYN-000042-000094,rooftop,tier_2,semi_arid,Mumbai_MMR,1012.18,78.7,7.94,none,6,0.4344,low,3.68,fair,good,moderate,mixed,unknown,extreme,30.65,69,dry,poor,low,plentiful,1,SE,medium,132071,moderate,zen_sparse,cooling,0,0,0,1,0,0,0,0,shade_first_greenery,moderate,wooden_box,subirrigation,companion_tall_plants,combined_shade_et,L1_light,151881.65,12603.52,7.924,11.381,0.495,0.6,0.9467,0.826,Bougainvillea,Curry leaf screen,Plumeria,tri_layer_simple,3,0.6996,0.6734,0.9004,0.945,0.7931
SYN-000042-000095,terrace,tier_3,composite_monsoon,Bangalore,717.29,78.8,9.52,none,11,0.7212,medium,3.18,fair,poor,easy,concrete,unknown,moderate,33.97,38,moderate,moderate,medium,limited,0,NE,very_high,93745,moderate,colorful_annuals,food,0,1,1,1,0,1,0,0,herb_focused,dense,wooden_box,manual_watering,shade_net_50,evapotranspiration_light,L3_intensive,107806.75,14087.64,6.985,10.551,0.5451,0.6,0.9161,0.7904,Bougainvillea,Curry leaf screen,Lemongrass screen,polyculture_lite,4,0.4141,0.2523,0.7506,0.505,0.5137
SYN-000042-000096,balcony,tier_4,semi_arid,Indore,116.77,73.9,3.69,low,5,0.3063,low,3.09,good,poor,easy,concrete,unknown,high,36.93,68,moderate,poor,medium,limited,0,mixed,medium,74853,low,colorful_annuals,low_maintenance_green,1,0,0,0,1,0,0,1,planters_only,dense,plastic_basic,manual_watering,companion_tall_plants,combined_shade_et,L2_moderate,86080.95,6759.98,9.737,12.486,0.3581,0.1,0.8666,0.8412,Holy basil (tulsi),Sedum mix,Malabar spinach,duo_complement,2,0.4974,0.2702,1.0,0.505,0.6187
SYN-000042-000097,rooftop,tier_3,tropical_humid,Other,3344.76,79.9,7.42,low,5,0.05,low,3.28,good,ok,easy,concrete,metal_sheet,low,32.56,56,moderate,poor,low,adequate,1,S,medium,81676,low,minimal_modern,privacy,0,0,1,1,0,0,0,0,raised_beds,moderate,terracotta,manual_watering,none,reflective_mulch,L1_light,93927.4,7101.89,3.549,5.78,0.3825,0.6,0.8538,0.8625,Curry leaf screen,Ridge gourd,Dianthus,tri_layer_simple,3,0.5416,0.4021,0.3729,0.8625,0.5291
SYN-000042-000098,rooftop,tier_2,tropical_dry,Jaipur,5079.23,52.6,6.28,low,8,0.6594,low,3.98,fair,ok,difficult,concrete,rcc,moderate,35.23,42,heavy_monsoon,moderate,medium,adequate,1,W,low,158185,minimal,tropical_lush,food,0,1,0,1,0,1,0,0,mixed_canopy_lite,moderate,plastic_basic,subirrigation,shade_net_50,evapotranspiration_light,L0_minimal,181912.75,19767.36,6.175,9.646,0.5517,0.35,0.8566,0.8599,Malabar spinach,Coriander,Holy basil (tulsi),polyculture_lite,4,0.7645,0.6788,0.6749,0.8625,0.7536
SYN-000042-000099,terrace,tier_2,composite_monsoon,NCR,308.27,61.2,7.85,none,11,0.6174,medium,4.96,good,ok,easy,concrete,tiles,high,38.23,64,heavy_monsoon,poor,high,adequate,1,NE,low,8000,low,mediterranean,cooling,0,1,1,1,0,0,0,1,herb_focused,moderate,plastic_basic,manual_watering,shade_net_75,evapotranspiration_light,L1_light,12000.0,1231.89,7.684,13.465,0.485,0.6,0.9655,0.9263,Lemongrass screen,Curry leaf screen,Bougainvillea,tri_layer_simple,3,0.6584,0.5193,0.8684,0.8625,0.8237
