code,display_name,scientific_name,family,genus,kingdom,category,growth_habit,cycle,native_range_notes,invasive_risk,hardiness_zone_min,hardiness_zone_max,max_height_cm,edible,flowering,pet_safe,drought_tolerant,heat_tolerant,low_maintenance,min_sun_hours,max_sun_hours,drought_tolerance,climate_suitability,sunlight_preference,water_demand,maintenance_need,root_aggressiveness,pollinator_value,child_pet_safety,native_support,container_suitability,cooling_contribution,privacy_contribution,tags_json,notes,image_url,image_thumbnail,image_license,image_source,image_local_path,ml_weight,active,source_perenual,source_gbif,source_wikipedia,source_seed,confidence
tulsi_holy,Holy basil (Tulsi),Ocimum tenuiflorum,Lamiaceae,Ocimum,Plantae,HERB,HERB,Perennial,Species of flowering plant,LOW,,,,true,true,true,true,true,true,4,10,MED,TROPICAL|HOT_HUMID|SUBTROPICAL,PART,MED,MED,LOW,0.5,SAFE,HIGH,GOOD,1.3,0.8,"[""native_adapted"",""aromatic"",""pollinator""]",India staple; handles heat; pinch flowers for leaf production.,https://upload.wikimedia.org/wikipedia/commons/thumb/0/01/Tulsi_or_Tulasi_Holy_basil.jpg/330px-Tulsi_or_Tulasi_Holy_basil.jpg,https://upload.wikimedia.org/wikipedia/commons/thumb/0/01/Tulsi_or_Tulasi_Holy_basil.jpg/330px-Tulsi_or_Tulasi_Holy_basil.jpg,CC,wikipedia,,1,true,no,yes,yes,yes,0.5
basil_sweet,Sweet basil,Ocimum basilicum,Lamiaceae,Ocimum,Plantae,HERB,HERB,Perennial,Culinary herb,LOW,,,,true,true,true,false,true,true,4,8,MED,TROPICAL|HOT_HUMID|SUBTROPICAL|TEMPERATE,PART,MED,MED,LOW,0,SAFE,HIGH,GOOD,1.3,0.8,"[""container"",""monsoon_ok""]",Bolts in extreme heat—afternoon shade helps; water consistently.,https://upload.wikimedia.org/wikipedia/commons/thumb/9/97/Ocimum_basilicum_8zz.jpg/330px-Ocimum_basilicum_8zz.jpg,https://upload.wikimedia.org/wikipedia/commons/thumb/9/97/Ocimum_basilicum_8zz.jpg/330px-Ocimum_basilicum_8zz.jpg,CC,wikipedia,,1,true,no,yes,yes,yes,0.5
mint,Mint,Mentha spp.,,,Plantae,HERB,HERB,Perennial,,LOW,,,,true,true,true,false,true,true,3,6,MED,TROPICAL|HOT_HUMID,PART,MED,MED,LOW,0,SAFE,LOW,GOOD,1.3,0.8,"[""container"",""moist_soil""]",Use deep pot; invasive roots—isolate. Part sun on hot roofs.,,,CC,,,1,true,no,no,no,yes,0.1
coriander,Coriander (Cilantro),Coriandrum sativum,Apiaceae,Coriandrum,Plantae,HERB,HERB,Perennial,Annual herb,LOW,,,,true,true,true,false,false,true,3,5,MED,TROPICAL|HOT_HUMID,PART,MED,MED,LOW,0,SAFE,LOW,GOOD,1.3,0.8,"[""quick_crop"",""shade_afternoon""]",Sow in cooler windows; bolt risk in peak summer—succession plant.,https://upload.wikimedia.org/wikipedia/commons/thumb/1/13/Coriandrum_sativum_-_K%C3%B6hler%E2%80%93s_Medizinal-Pflanzen-193.jpg/330px-Coriandrum_sativum_-_K%C3%B6hler%E2%80%93s_Medizinal-Pflanzen-193.jpg,https://upload.wikimedia.org/wikipedia/commons/thumb/1/13/Coriandrum_sativum_-_K%C3%B6hler%E2%80%93s_Medizinal-Pflanzen-193.jpg/330px-Coriandrum_sativum_-_K%C3%B6hler%E2%80%93s_Medizinal-Pflanzen-193.jpg,CC,wikipedia,,1,true,no,yes,yes,yes,0.5
curry_leaf,Curry leaf tree (Kadi patta),Murraya koenigii,Rutaceae,Murraya,Plantae,HERB,HERB,Perennial,Species of flowering plant,LOW,,,,true,true,false,true,true,true,6,10,MED,TROPICAL|HOT_HUMID|MONSOON_HEAVY|SUBTROPICAL,PART,MED,MED,LOW,1.5,UNSAFE,HIGH,GOOD,1.3,0.8,"[""perennial_pot"",""wind_ok""]",Large container; protect roots from waterlogging in monsoon.,https://upload.wikimedia.org/wikipedia/commons/thumb/a/ad/Curry_Trees.jpg/330px-Curry_Trees.jpg,https://upload.wikimedia.org/wikipedia/commons/thumb/a/ad/Curry_Trees.jpg/330px-Curry_Trees.jpg,CC,wikipedia,,1,true,no,yes,yes,yes,0.5
lemongrass,Lemongrass,Cymbopogon citratus,Poaceae,Cymbopogon,Plantae,HERB,HERB,Perennial,Species of plant,LOW,,,,true,false,true,true,true,true,6,10,MED,TROPICAL|HOT_HUMID|MONSOON_HEAVY,PART,MED,MED,LOW,0,SAFE,HIGH,GOOD,1.3,0.8,"[""container"",""privacy_screen""]",Excellent heat performer; divide clumps yearly in pots.,https://upload.wikimedia.org/wikipedia/commons/thumb/7/7e/Gardenology.org-IMG_2892_rbgs11jan.jpg/330px-Gardenology.org-IMG_2892_rbgs11jan.jpg,https://upload.wikimedia.org/wikipedia/commons/thumb/7/7e/Gardenology.org-IMG_2892_rbgs11jan.jpg/330px-Gardenology.org-IMG_2892_rbgs11jan.jpg,CC,wikipedia,,1,true,no,yes,yes,yes,0.5
cherry_tomato,Cherry tomato,Solanum lycopersicum,Solanaceae,Solanum,Plantae,VEGETABLE,VEGETABLE,Perennial,Edible berry,LOW,,,,true,true,false,false,true,false,6,10,MED,TROPICAL|HOT_HUMID,PART,MED,MED,LOW,1.5,UNSAFE,LOW,EXCELLENT,1.5,0.8,"[""vegetable"",""staking""]",Deep pot + mulch; blossom drop if nights stay too warm—try heat-set types.,https://upload.wikimedia.org/wikipedia/commons/thumb/8/89/Tomato_je.jpg/330px-Tomato_je.jpg,https://upload.wikimedia.org/wikipedia/commons/thumb/8/89/Tomato_je.jpg/330px-Tomato_je.jpg,CC,wikipedia,,1,true,no,yes,yes,yes,0.5
chilli,Chilli pepper,Capsicum annuum,Solanaceae,Capsicum,Plantae,VEGETABLE,VEGETABLE,Perennial,Species of flowering plant in the nightshade family,LOW,,,,true,true,false,true,true,true,6,10,MED,TEMPERATE,PART,MED,MED,LOW,1.5,UNSAFE,HIGH,GOOD,1.5,0.8,"[""productive"",""container""]",Very rooftop-friendly in India; watch thrips in dry season.,https://upload.wikimedia.org/wikipedia/commons/thumb/d/d2/Capsicum_annuum_-_K%C3%B6hler%E2%80%93s_Medizinal-Pflanzen-027.jpg/330px-Capsicum_annuum_-_K%C3%B6hler%E2%80%93s_Medizinal-Pflanzen-027.jpg,https://upload.wikimedia.org/wikipedia/commons/thumb/d/d2/Capsicum_annuum_-_K%C3%B6hler%E2%80%93s_Medizinal-Pflanzen-027.jpg/330px-Capsicum_annuum_-_K%C3%B6hler%E2%80%93s_Medizinal-Pflanzen-027.jpg,CC,wikipedia,,1,true,no,yes,yes,yes,0.5
malabar_spinach,Malabar spinach,Basella alba,Basellaceae,Basella,Plantae,VEGETABLE,VEGETABLE,Perennial,Species of edible plant,LOW,,,,true,true,true,false,true,true,4,8,MED,TROPICAL|HOT_HUMID|MONSOON_HEAVY,PART,MED,MED,LOW,0,SAFE,LOW,GOOD,1.5,0.8,"[""climber"",""monsoon_ok""]",Vining leafy green for hot weather—better than true spinach in heat.,https://upload.wikimedia.org/wikipedia/commons/thumb/a/ab/Basella_alba-2.JPG/330px-Basella_alba-2.JPG,https://upload.wikimedia.org/wikipedia/commons/thumb/a/ab/Basella_alba-2.JPG/330px-Basella_alba-2.JPG,CC,wikipedia,,1,true,no,yes,yes,yes,0.5
aloe_vera,Aloe vera,Aloe barbadensis miller,,,Plantae,SUCCULENT,SUCCULENT,Perennial,,LOW,,,,false,true,false,true,true,true,4,10,MED,TROPICAL|HOT_HUMID,PART,MED,MED,LOW,0,UNSAFE,LOW,GOOD,0.9,0.8,"[""succulent"",""medicinal_lookalike_caution""]",Roof workhorse; avoid overwatering in humid monsoon.,,,CC,,,1,true,no,no,no,yes,0.1
jade_plant,Jade plant,Crassula ovata,Crassulaceae,Crassula,Plantae,SUCCULENT,SUCCULENT,Perennial,Species of succulent,LOW,,,,false,true,false,true,true,true,4,8,MED,TROPICAL|HOT_HUMID,PART,MED,MED,LOW,0,UNSAFE,HIGH,GOOD,0.9,0.8,"[""succulent"",""wind_ok""]",Slow; afternoon shade on very hot roofs reduces leaf scorch.,https://upload.wikimedia.org/wikipedia/commons/thumb/5/5a/Crassula_ovata_700.jpg/330px-Crassula_ovata_700.jpg,https://upload.wikimedia.org/wikipedia/commons/thumb/5/5a/Crassula_ovata_700.jpg/330px-Crassula_ovata_700.jpg,CC,wikipedia,,1,true,no,yes,yes,yes,0.5
sedum,Sedum (stonecrop),Sedum spp.,,,Plantae,SUCCULENT,SUCCULENT,Perennial,,LOW,,,,false,true,true,true,true,true,6,12,MED,TROPICAL|HOT_HUMID,PART,MED,MED,LOW,0,SAFE,LOW,GOOD,0.9,0.8,"[""green_roof"",""drought""]",Green roof / shallow tray candidate; sharp drainage.,,,CC,,,1,true,no,no,no,yes,0.1
prickly_pear,Prickly pear cactus,Opuntia spp.,,,Plantae,SUCCULENT,SUCCULENT,Perennial,,LOW,,,,true,true,false,true,true,true,8,12,MED,TROPICAL|HOT_HUMID,PART,MED,MED,LOW,0,UNSAFE,LOW,GOOD,0.9,0.8,"[""cactus"",""full_sun""]",Extreme heat/drought; pad handling and spines—pets/kids.,,,CC,,,1,true,no,no,no,yes,0.1
bougainvillea,Bougainvillea,Bougainvillea spp.,,,Plantae,ORNAMENTAL,ORNAMENTAL,Perennial,,LOW,,,,false,true,false,true,true,true,8,12,MED,TROPICAL|HOT_HUMID,PART,MED,MED,LOW,0,UNSAFE,LOW,GOOD,1.5,0.8,"[""climber"",""color""]",Classic Indian terrace; large pot + trellis; sharp thorns.,,,CC,,,1,true,no,no,no,yes,0.1
hibiscus,Chinese hibiscus,Hibiscus rosa-sinensis,Malvaceae,Hibiscus,Plantae,ORNAMENTAL,ORNAMENTAL,Perennial,Hybrid species of flowering plant,LOW,,,,false,true,false,false,true,false,6,10,MED,TROPICAL|HOT_HUMID,PART,MED,MED,LOW,0,UNSAFE,LOW,GOOD,1.5,0.8,"[""flowering_shrub"",""container""]",Needs water in heat; watch for aphids; great tropical roof vibe.,https://upload.wikimedia.org/wikipedia/commons/thumb/2/21/Hibiscus_Brilliant.jpg/330px-Hibiscus_Brilliant.jpg,https://upload.wikimedia.org/wikipedia/commons/thumb/2/21/Hibiscus_Brilliant.jpg/330px-Hibiscus_Brilliant.jpg,CC,wikipedia,,1,true,no,yes,yes,yes,0.5
marigold,Marigold (Genda),Tagetes spp.,,,Plantae,ORNAMENTAL,ORNAMENTAL,Perennial,,LOW,,,,true,true,true,true,true,true,6,10,MED,TROPICAL|HOT_HUMID,PART,MED,MED,LOW,0,SAFE,LOW,GOOD,1.5,0.8,"[""annual"",""pest_companion""]",Companion plant; tolerates poor soil; easy from seed.,,,CC,,,1,true,no,no,no,yes,0.1
portulaca,Portulaca (moss rose),Portulaca grandiflora,Portulacaceae,Portulaca,Plantae,ORNAMENTAL,ORNAMENTAL,Perennial,Rose-like flowering plant,LOW,,,,false,true,true,true,true,true,6,12,MED,TROPICAL|HOT_HUMID,PART,MED,MED,LOW,0,SAFE,HIGH,GOOD,1.5,0.8,"[""annual"",""shallow_root""]",Trailing color for shallow planters; loves sun and heat.,https://upload.wikimedia.org/wikipedia/commons/thumb/9/98/PortulacaGrandiflora.jpg/330px-PortulacaGrandiflora.jpg,https://upload.wikimedia.org/wikipedia/commons/thumb/9/98/PortulacaGrandiflora.jpg/330px-PortulacaGrandiflora.jpg,CC,wikipedia,,1,true,no,yes,yes,yes,0.5
vinca,Periwinkle (Vinca),Catharanthus roseus,Apocynaceae,Catharanthus,Plantae,ORNAMENTAL,ORNAMENTAL,Perennial,Species of flowering plant in the family Apocynaceae,LOW,,,,false,true,false,true,true,true,4,10,MED,TROPICAL|HOT_HUMID,PART,MED,MED,LOW,0,UNSAFE,HIGH,GOOD,1.5,0.8,"[""annual"",""container""]",Heat-tolerant color; toxic if ingested—keep from pets.,https://upload.wikimedia.org/wikipedia/commons/thumb/c/ce/Catharanthus_roseus_%28Pink_Madagascar_Periwinkle%29.jpg/330px-Catharanthus_roseus_%28Pink_Madagascar_Periwinkle%29.jpg,https://upload.wikimedia.org/wikipedia/commons/thumb/c/ce/Catharanthus_roseus_%28Pink_Madagascar_Periwinkle%29.jpg/330px-Catharanthus_roseus_%28Pink_Madagascar_Periwinkle%29.jpg,CC,wikipedia,,1,true,no,yes,yes,yes,0.5
zinnia,Zinnia,Zinnia elegans,Asteraceae,Zinnia,Plantae,ORNAMENTAL,ORNAMENTAL,Perennial,Species of flowering plant,LOW,,,,true,true,true,true,true,true,6,12,MED,SUBTROPICAL,PART,MED,MED,LOW,0,SAFE,HIGH,GOOD,1.5,0.8,"[""annual"",""pollinator""]",Cut-and-come-again; excellent for hot balconies.,https://upload.wikimedia.org/wikipedia/commons/thumb/6/6e/Zinnienbl%C3%BCte_Zinnia_elegans_stack15_20190722-RM-7222254.jpg/330px-Zinnienbl%C3%BCte_Zinnia_elegans_stack15_20190722-RM-7222254.jpg,https://upload.wikimedia.org/wikipedia/commons/thumb/6/6e/Zinnienbl%C3%BCte_Zinnia_elegans_stack15_20190722-RM-7222254.jpg/330px-Zinnienbl%C3%BCte_Zinnia_elegans_stack15_20190722-RM-7222254.jpg,CC,wikipedia,,1,true,no,yes,yes,yes,0.5
pothos,Money plant (Pothos),Epipremnum aureum,Araceae,Epipremnum,Plantae,FOLIAGE,FOLIAGE,Perennial,Species of plant,LOW,,,,false,false,false,true,true,true,2,6,MED,TROPICAL|HOT_HUMID|MONSOON_HEAVY|SUBTROPICAL|TEMPERATE,PART,MED,MED,LOW,0,UNSAFE,HIGH,EXCELLENT,2.4,1.6,"[""shade_balcony"",""hanging""]",Bright indirect on hot balconies; avoid direct noon sun.,https://upload.wikimedia.org/wikipedia/commons/thumb/6/62/Money_Plant_%28Epipremnum_aureum%29_4.jpg/330px-Money_Plant_%28Epipremnum_aureum%29_4.jpg,https://upload.wikimedia.org/wikipedia/commons/thumb/6/62/Money_Plant_%28Epipremnum_aureum%29_4.jpg/330px-Money_Plant_%28Epipremnum_aureum%29_4.jpg,CC,wikipedia,,1,true,no,yes,yes,yes,0.5
snake_plant,Snake plant,Dracaena trifasciata,Asparagaceae,Dracaena,Plantae,FOLIAGE,FOLIAGE,Perennial,Species of flowering plant,LOW,,,,false,true,false,true,true,true,2,8,MED,TROPICAL|HOT_HUMID,PART,MED,MED,LOW,0,UNSAFE,HIGH,GOOD,2.4,1.6,"[""low_light_roof_corner"",""wind_ok""]",Tolerates AC-adjacent semi-shade corners; rot if overwatered.,https://upload.wikimedia.org/wikipedia/commons/thumb/f/fb/Snake_Plant_%28Sansevieria_trifasciata_%27Laurentii%27%29.jpg/330px-Snake_Plant_%28Sansevieria_trifasciata_%27Laurentii%27%29.jpg,https://upload.wikimedia.org/wikipedia/commons/thumb/f/fb/Snake_Plant_%28Sansevieria_trifasciata_%27Laurentii%27%29.jpg/330px-Snake_Plant_%28Sansevieria_trifasciata_%27Laurentii%27%29.jpg,CC,wikipedia,,1,true,no,yes,yes,yes,0.5
spider_plant,Spider plant,Chlorophytum comosum,Asparagaceae,Chlorophytum,Plantae,FOLIAGE,FOLIAGE,Perennial,Species of flowering plant,LOW,,,,false,true,true,false,true,true,3,6,MED,TROPICAL|HOT_HUMID|MONSOON_HEAVY|SUBTROPICAL,PART,MED,MED,LOW,0,SAFE,HIGH,GOOD,2.4,1.6,"[""hanging"",""shade_balcony""]",Part shade on terraces; brown tips if scorched or salty water.,https://upload.wikimedia.org/wikipedia/commons/thumb/b/b1/Hierbabuena_0611_Revised.jpg/330px-Hierbabuena_0611_Revised.jpg,https://upload.wikimedia.org/wikipedia/commons/thumb/b/b1/Hierbabuena_0611_Revised.jpg/330px-Hierbabuena_0611_Revised.jpg,CC,wikipedia,,1,true,no,yes,yes,yes,0.5
geranium_pelargonium,Scented geranium,Pelargonium spp.,,,Plantae,ORNAMENTAL,ORNAMENTAL,Perennial,,LOW,,,,true,true,false,true,true,true,6,10,MED,TROPICAL|HOT_HUMID,PART,MED,MED,LOW,0,UNSAFE,LOW,GOOD,1.5,0.8,"[""container"",""aromatic""]",Good in pots; some scents deter mosquitoes (mild effect).,,,CC,,,1,true,no,no,no,yes,0.1
plumeria,Plumeria (Frangipani),Plumeria spp.,,,Plantae,ORNAMENTAL,ORNAMENTAL,Perennial,,LOW,,,,false,true,false,true,true,true,8,12,MED,TROPICAL|HOT_HUMID,PART,MED,MED,LOW,0,UNSAFE,LOW,GOOD,1.5,0.8,"[""tropical"",""fragrant""]",Large container; deciduous; protect from waterlogging.,,,CC,,,1,true,no,no,no,yes,0.1
okra,Okra (Bhindi),Abelmoschus esculentus,Malvaceae,Abelmoschus,Plantae,VEGETABLE,VEGETABLE,Perennial,Species of edible plant,LOW,,,,true,true,true,false,true,false,6,10,MED,TROPICAL|HOT_HUMID|SUBTROPICAL|TEMPERATE,PART,MED,MED,LOW,0,SAFE,HIGH,GOOD,1.5,0.8,"[""kitchen_garden"",""monsoon_ok""]",Heat-loving pod crop; deep pot; harvest young pods regularly.,https://upload.wikimedia.org/wikipedia/commons/thumb/9/95/Hong_Kong_Okra_Aug_25_2012.JPG/330px-Hong_Kong_Okra_Aug_25_2012.JPG,https://upload.wikimedia.org/wikipedia/commons/thumb/9/95/Hong_Kong_Okra_Aug_25_2012.JPG/330px-Hong_Kong_Okra_Aug_25_2012.JPG,CC,wikipedia,,1,true,no,yes,yes,yes,0.5
spinach_indian,Indian spinach (Palak),Spinacia oleracea,Amaranthaceae,Spinacia,Plantae,HERB,HERB,Perennial,Species of flowering plant,LOW,,,,true,false,true,false,false,false,3,6,MED,TROPICAL|HOT_HUMID,PART,MED,MED,LOW,0,SAFE,HIGH,GOOD,1.3,0.8,"[""quick_crop"",""shade_afternoon""]",Cool-season windows in hot climates; afternoon shade; succession plant.,https://upload.wikimedia.org/wikipedia/commons/thumb/3/37/Spinacia_oleracea_Spinazie_bloeiend.jpg/330px-Spinacia_oleracea_Spinazie_bloeiend.jpg,https://upload.wikimedia.org/wikipedia/commons/thumb/3/37/Spinacia_oleracea_Spinazie_bloeiend.jpg/330px-Spinacia_oleracea_Spinazie_bloeiend.jpg,CC,wikipedia,,1,true,no,yes,yes,yes,0.5
eggplant_mini,Mini brinjal (eggplant),Solanum melongena,Solanaceae,Solanum,Plantae,VEGETABLE,VEGETABLE,Perennial,Plant species,LOW,,,,true,true,false,false,true,false,6,10,MED,TROPICAL|HOT_HUMID,PART,MED,MED,LOW,0,UNSAFE,LOW,GOOD,1.5,0.8,"[""container"",""nightshade""]",Nightshade; even moisture; large pot for stability in wind.,https://upload.wikimedia.org/wikipedia/commons/thumb/7/76/Solanum_melongena_24_08_2012_%281%29.JPG/330px-Solanum_melongena_24_08_2012_%281%29.JPG,https://upload.wikimedia.org/wikipedia/commons/thumb/7/76/Solanum_melongena_24_08_2012_%281%29.JPG/330px-Solanum_melongena_24_08_2012_%281%29.JPG,CC,wikipedia,,1,true,no,yes,yes,yes,0.5
luffa,Ridge gourd (Turai),Luffa acutangula,Cucurbitaceae,Luffa,Plantae,VEGETABLE,VEGETABLE,Perennial,Species of flowering plant,LOW,,,,true,true,true,false,true,false,6,10,MED,TROPICAL|HOT_HUMID|TEMPERATE,PART,MED,MED,LOW,1.5,SAFE,HIGH,GOOD,1.5,0.8,"[""vine"",""monsoon_ok""]",Strong trellis; heavy feed and water during fruiting.,https://upload.wikimedia.org/wikipedia/commons/thumb/d/d5/Luffa_acutangula_Chinese_okra.jpg/330px-Luffa_acutangula_Chinese_okra.jpg,https://upload.wikimedia.org/wikipedia/commons/thumb/d/d5/Luffa_acutangula_Chinese_okra.jpg/330px-Luffa_acutangula_Chinese_okra.jpg,CC,wikipedia,,1,true,no,yes,yes,yes,0.5
peace_lily,Peace lily,Spathiphyllum spp.,,,Plantae,FOLIAGE,FOLIAGE,Perennial,,LOW,,,,false,true,false,false,false,true,2,5,MED,TROPICAL|HOT_HUMID,PART,MED,MED,LOW,0,UNSAFE,LOW,GOOD,2.4,1.6,"[""low_light"",""shade_balcony""]",Low light tolerant; keep evenly moist; leaf burn if harsh sun.,,,CC,,,1,true,no,no,no,yes,0.1
jasmine_mogra,Mogra jasmine,Jasminum sambac,Oleaceae,Jasminum,Plantae,ORNAMENTAL,ORNAMENTAL,Perennial,Species of jasmine,LOW,,,,false,true,true,false,true,false,4,8,MED,TROPICAL|HOT_HUMID|MONSOON_HEAVY|SUBTROPICAL,PART,MED,MED,LOW,0,SAFE,HIGH,GOOD,1.5,0.8,"[""fragrant"",""container""]",Intensely fragrant; afternoon shade on hottest roofs; regular water.,https://upload.wikimedia.org/wikipedia/commons/thumb/f/f3/Arabian_jasmin%2C_Tunisia_2010.jpg/330px-Arabian_jasmin%2C_Tunisia_2010.jpg,https://upload.wikimedia.org/wikipedia/commons/thumb/f/f3/Arabian_jasmin%2C_Tunisia_2010.jpg/330px-Arabian_jasmin%2C_Tunisia_2010.jpg,CC,wikipedia,,1,true,no,yes,yes,yes,0.5
vetiver,Vetiver grass,Chrysopogon zizanioides,Poaceae,Chrysopogon,Plantae,GRASS,GRASS,Perennial,Species of plant,LOW,,,,false,true,true,true,true,true,6,12,MED,TROPICAL|HOT_HUMID,PART,MED,MED,LOW,0,SAFE,LOW,GOOD,2.5,2.5,"[""cooling"",""erosion_help""]",Deep roots; high transpiration when established; contain spread in small pots.,https://upload.wikimedia.org/wikipedia/commons/thumb/7/71/Vetiver_grass.jpg/330px-Vetiver_grass.jpg,https://upload.wikimedia.org/wikipedia/commons/thumb/7/71/Vetiver_grass.jpg/330px-Vetiver_grass.jpg,CC,wikipedia,,1,true,no,yes,yes,yes,0.5
sweet_potato_vine,Sweet potato vine,Ipomoea batatas,Convolvulaceae,Ipomoea,Plantae,CREEPER,ORNAMENTAL,Perennial,Species of edible plant,LOW,,,,true,false,true,true,true,true,4,10,MED,TROPICAL|HOT_HUMID,PART,MED,MED,LOW,1.5,SAFE,LOW,EXCELLENT,1.5,0.8,"[""ground_cover"",""container""]",Fast-growing ground cover; colourful foliage; edible tubers if grown long enough.,https://upload.wikimedia.org/wikipedia/commons/thumb/5/58/Ipomoea_batatas_006.JPG/330px-Ipomoea_batatas_006.JPG,https://upload.wikimedia.org/wikipedia/commons/thumb/5/58/Ipomoea_batatas_006.JPG/330px-Ipomoea_batatas_006.JPG,CC,wikipedia,,1,true,no,yes,yes,yes,0.5
dracaena_marginata,Dragon tree (Dracaena),Dracaena marginata,Asparagaceae,Dracaena,Plantae,FOLIAGE,FOLIAGE,Perennial,Species of flowering plant,LOW,,,,false,false,false,true,true,true,3,8,MED,TROPICAL|HOT_HUMID|MONSOON_HEAVY,PART,MED,MED,LOW,0,UNSAFE,HIGH,GOOD,2.4,1.6,"[""shade_balcony"",""accent""]",Architectural accent; tolerates partial shade on shaded balconies; low water.,https://upload.wikimedia.org/wikipedia/commons/thumb/6/61/Dracaena_reflexa.JPG/330px-Dracaena_reflexa.JPG,https://upload.wikimedia.org/wikipedia/commons/thumb/6/61/Dracaena_reflexa.JPG/330px-Dracaena_reflexa.JPG,CC,wikipedia,,1,true,no,yes,yes,yes,0.5
coleus,Coleus,Plectranthus scutellarioides,Lamiaceae,Coleus,Plantae,FOLIAGE,FOLIAGE,Perennial,Species of flowering plant,LOW,,,,false,true,true,false,true,true,2,6,MED,TROPICAL|HOT_HUMID|SUBTROPICAL,PART,MED,MED,LOW,0,SAFE,HIGH,GOOD,2.4,1.6,"[""shade_balcony"",""colorful""]",Vivid foliage for shaded balconies; pinch flowers to keep leaf colour; keep moist.,https://upload.wikimedia.org/wikipedia/commons/thumb/1/1d/Plectranthus_scutellarioides_-_El_Yunque_nat_park_PR_IMG_2120.JPG/330px-Plectranthus_scutellarioides_-_El_Yunque_nat_park_PR_IMG_2120.JPG,https://upload.wikimedia.org/wikipedia/commons/thumb/1/1d/Plectranthus_scutellarioides_-_El_Yunque_nat_park_PR_IMG_2120.JPG/330px-Plectranthus_scutellarioides_-_El_Yunque_nat_park_PR_IMG_2120.JPG,CC,wikipedia,,1,true,no,yes,yes,yes,0.5
ficus_pumila,Creeping fig,Ficus pumila,Moraceae,Ficus,Plantae,CLIMBER,CLIMBER,Perennial,Species of climbing fig,LOW,,,,false,false,false,false,true,true,2,6,MED,TROPICAL|HOT_HUMID,PART,MED,MED,LOW,0,UNSAFE,HIGH,GOOD,3,2.8,"[""wall_climber"",""shade_balcony""]",Self-clinging wall climber; good shade cover on balcony walls; keep evenly moist.,https://upload.wikimedia.org/wikipedia/commons/thumb/f/fb/Ficus_pumila_%28Leafs%29.jpg/330px-Ficus_pumila_%28Leafs%29.jpg,https://upload.wikimedia.org/wikipedia/commons/thumb/f/fb/Ficus_pumila_%28Leafs%29.jpg/330px-Ficus_pumila_%28Leafs%29.jpg,CC,wikipedia,,1,true,no,yes,yes,yes,0.5
adenium,Desert rose (Adenium),Adenium obesum,Apocynaceae,Adenium,Plantae,SUCCULENT,SUCCULENT,Perennial,Species of plant,LOW,,,,false,true,false,true,true,true,6,12,MED,TROPICAL|HOT_HUMID|SUBTROPICAL|TEMPERATE,PART,MED,MED,LOW,0,UNSAFE,HIGH,GOOD,0.9,0.8,"[""drought"",""full_sun"",""bonsai_style""]",Stunning red/pink blooms; xeric champion; reduce water in monsoon to prevent rot.,https://upload.wikimedia.org/wikipedia/commons/thumb/4/4a/Adenium_Obesum_Flower_Side_Macro_Mar22_D72_23052-58_ZS_P.jpg/330px-Adenium_Obesum_Flower_Side_Macro_Mar22_D72_23052-58_ZS_P.jpg,https://upload.wikimedia.org/wikipedia/commons/thumb/4/4a/Adenium_Obesum_Flower_Side_Macro_Mar22_D72_23052-58_ZS_P.jpg/330px-Adenium_Obesum_Flower_Side_Macro_Mar22_D72_23052-58_ZS_P.jpg,CC,wikipedia,,1,true,no,yes,yes,yes,0.5
bamboo_dwarf,Dwarf bamboo,Pleioblastus spp.,,,Plantae,GRASS,GRASS,Perennial,,LOW,,,,false,false,true,false,true,false,4,10,MED,TROPICAL|HOT_HUMID,PART,MED,MED,LOW,0,SAFE,LOW,GOOD,2.5,2.5,"[""privacy_screen"",""container_heavy""]",Privacy screen in large containers; invasive roots — use strong pot; regular water needed.,,,CC,,,1,true,no,no,no,yes,0.1
areca_palm_dwarf,Areca palm (dwarf),Dypsis lutescens,Arecaceae,Dypsis,Plantae,FOLIAGE,FOLIAGE,Perennial,Species of plant from Madagascar,LOW,,,,false,false,true,false,true,false,4,8,MED,SUBTROPICAL,PART,MED,MED,LOW,1.5,SAFE,HIGH,GOOD,2.4,1.6,"[""tropical"",""container""]",Tropical feel; needs consistent moisture and feeding; avoid harsh direct midday sun.,https://upload.wikimedia.org/wikipedia/commons/thumb/2/22/%E6%95%A3%E5%B0%BE%E8%91%B5Dypsis_lutescens_20210511145013_05.jpg/330px-%E6%95%A3%E5%B0%BE%E8%91%B5Dypsis_lutescens_20210511145013_05.jpg,https://upload.wikimedia.org/wikipedia/commons/thumb/2/22/%E6%95%A3%E5%B0%BE%E8%91%B5Dypsis_lutescens_20210511145013_05.jpg/330px-%E6%95%A3%E5%B0%BE%E8%91%B5Dypsis_lutescens_20210511145013_05.jpg,CC,wikipedia,,1,true,no,yes,yes,yes,0.5
caladium,Caladium,Caladium bicolor,Araceae,Caladium,Plantae,FOLIAGE,FOLIAGE,Perennial,Species of flowering plant,LOW,,,,false,false,false,false,false,false,1,4,MED,TROPICAL|HOT_HUMID,PART,MED,MED,HIGH,0,UNSAFE,LOW,GOOD,2.4,1.6,"[""shade_only"",""seasonal""]",Show-stopping shade foliage; goes dormant in heat/dry — store tubers; not for water-scarce setups.,https://upload.wikimedia.org/wikipedia/commons/thumb/f/f8/Caladium_bicolor_2.jpg/330px-Caladium_bicolor_2.jpg,https://upload.wikimedia.org/wikipedia/commons/thumb/f/f8/Caladium_bicolor_2.jpg/330px-Caladium_bicolor_2.jpg,CC,wikipedia,,1,true,no,yes,yes,yes,0.5
brahmi,Brahmi (Bacopa),Bacopa monnieri,Plantaginaceae,Bacopa,Plantae,HERB,HERB,Perennial,Species of aquatic plant,LOW,,,,true,true,true,false,true,true,3,7,MED,TROPICAL|HOT_HUMID|MONSOON_HEAVY,PART,MED,MED,LOW,0,SAFE,HIGH,GOOD,1.3,0.8,"[""medicinal"",""shallow_tray""]",Ayurvedic herb; grows in shallow trays with consistent moisture; spreading ground cover.,https://upload.wikimedia.org/wikipedia/commons/thumb/5/56/Starr_010818-0007_Bacopa_monnieri.jpg/330px-Starr_010818-0007_Bacopa_monnieri.jpg,https://upload.wikimedia.org/wikipedia/commons/thumb/5/56/Starr_010818-0007_Bacopa_monnieri.jpg/330px-Starr_010818-0007_Bacopa_monnieri.jpg,CC,wikipedia,,1,true,no,yes,yes,yes,0.5
fenugreek,Methi / Fenugreek,Trigonella foenum-graecum,Fabaceae,Trigonella,Plantae,HERB,HERB,Perennial,Species of flowering plant,LOW,,,,true,true,true,false,false,true,3,6,MED,TROPICAL|HOT_HUMID|MONSOON_HEAVY|HOT_DRY|MEDITERRANEAN,PART,MED,MED,LOW,1.5,SAFE,LOW,GOOD,1.3,0.8,"[""quick_crop"",""kitchen_garden""]",Cool-season crop; bolt in peak summer; rapid 4-week harvest cycle for leaves.,https://upload.wikimedia.org/wikipedia/commons/thumb/c/ce/Illustration_Trigonella_foenum-graecum0_clean.jpg/330px-Illustration_Trigonella_foenum-graecum0_clean.jpg,https://upload.wikimedia.org/wikipedia/commons/thumb/c/ce/Illustration_Trigonella_foenum-graecum0_clean.jpg/330px-Illustration_Trigonella_foenum-graecum0_clean.jpg,CC,wikipedia,,1,true,no,yes,yes,yes,0.5
bitter_gourd,Bitter gourd (Karela),Momordica charantia,Cucurbitaceae,Momordica,Plantae,VEGETABLE,VEGETABLE,Perennial,Species of plant in the gourd family,LOW,,,,true,true,true,false,true,false,6,10,MED,TROPICAL|HOT_HUMID|SUBTROPICAL,PART,MED,MED,LOW,0,SAFE,LOW,GOOD,1.5,0.8,"[""vine"",""kitchen_garden"",""monsoon_ok""]",Productive vine for trellis; peak performance in Indian summer heat; harvest young.,https://upload.wikimedia.org/wikipedia/commons/thumb/2/2f/Momordica_charantia_Blanco2.357.png/330px-Momordica_charantia_Blanco2.357.png,https://upload.wikimedia.org/wikipedia/commons/thumb/2/2f/Momordica_charantia_Blanco2.357.png/330px-Momordica_charantia_Blanco2.357.png,CC,wikipedia,,1,true,no,yes,yes,yes,0.5
morning_glory,Morning glory,Ipomoea purpurea,Convolvulaceae,Ipomoea,Plantae,CLIMBER,CLIMBER,Perennial,Species of plant,LOW,,,,false,true,false,true,true,true,6,12,MED,TROPICAL|HOT_HUMID,PART,MED,MED,LOW,0,UNSAFE,HIGH,GOOD,3,2.8,"[""annual"",""trellis"",""color""]",Fast annual climber; large trumpet flowers; self-seeds; very easy from seed on trellis.,https://upload.wikimedia.org/wikipedia/commons/thumb/6/61/Ipomoea_purpurea%2C_2021-08-31%2C_Beechview%2C_05.jpg/330px-Ipomoea_purpurea%2C_2021-08-31%2C_Beechview%2C_05.jpg,https://upload.wikimedia.org/wikipedia/commons/thumb/6/61/Ipomoea_purpurea%2C_2021-08-31%2C_Beechview%2C_05.jpg/330px-Ipomoea_purpurea%2C_2021-08-31%2C_Beechview%2C_05.jpg,CC,wikipedia,,1,true,no,yes,yes,yes,0.5
chrysanthemum,Chrysanthemum (Guldaudi),Chrysanthemum morifolium,Asteraceae,Chrysanthemum,Plantae,ORNAMENTAL,ORNAMENTAL,Perennial,Species of plant,LOW,,,,false,true,false,false,false,false,5,8,MED,TROPICAL|HOT_HUMID,PART,MED,MED,LOW,0,UNSAFE,LOW,GOOD,1.5,0.8,"[""seasonal"",""festive""]",October–December bloomer for Indian rooftops; needs cool nights to flower; pinch in summer.,https://upload.wikimedia.org/wikipedia/commons/thumb/8/84/Chrysanthemum.JPG/330px-Chrysanthemum.JPG,https://upload.wikimedia.org/wikipedia/commons/thumb/8/84/Chrysanthemum.JPG/330px-Chrysanthemum.JPG,CC,wikipedia,,1,true,no,yes,yes,yes,0.5
crossandra,Crossandra (Aboli),Crossandra infundibuliformis,Acanthaceae,Crossandra,Plantae,ORNAMENTAL,ORNAMENTAL,Perennial,Species of flowering plant,LOW,,,,false,true,true,false,true,true,3,7,MED,TROPICAL|HOT_HUMID|MONSOON_HEAVY,PART,MED,MED,LOW,0,SAFE,HIGH,GOOD,1.5,0.8,"[""shade_tolerant"",""container"",""color""]",Long-season orange bloomer; tolerates shade on hot Indian balconies; keep moist.,https://upload.wikimedia.org/wikipedia/commons/thumb/b/b9/Crossandra_infundibuliformis_kanakambaram_Madhurawada_Visakhapatnam.JPG/330px-Crossandra_infundibuliformis_kanakambaram_Madhurawada_Visakhapatnam.JPG,https://upload.wikimedia.org/wikipedia/commons/thumb/b/b9/Crossandra_infundibuliformis_kanakambaram_Madhurawada_Visakhapatnam.JPG/330px-Crossandra_infundibuliformis_kanakambaram_Madhurawada_Visakhapatnam.JPG,CC,wikipedia,,1,true,no,yes,yes,yes,0.5
duranta,Golden dewdrop (Duranta),Duranta erecta,Verbenaceae,Duranta,Plantae,SHRUB,SHRUB,Perennial,Species of flowering plant,LOW,,,,false,true,false,true,true,true,6,12,MED,TROPICAL|HOT_HUMID|SUBTROPICAL,PART,MED,MED,LOW,0,UNSAFE,LOW,GOOD,2,1.8,"[""hedge"",""pollinator"",""full_sun""]",Tough full-sun shrub for terrace hedges; berries toxic; blue flowers attract butterflies.,https://upload.wikimedia.org/wikipedia/commons/thumb/9/97/Duranta_erecta_serres_du_Luxembourg.jpg/330px-Duranta_erecta_serres_du_Luxembourg.jpg,https://upload.wikimedia.org/wikipedia/commons/thumb/9/97/Duranta_erecta_serres_du_Luxembourg.jpg/330px-Duranta_erecta_serres_du_Luxembourg.jpg,CC,wikipedia,,1,true,no,yes,yes,yes,0.5
wandering_jew,Tradescantia (Wandering jew),Tradescantia zebrina,Commelinaceae,Tradescantia,Plantae,FOLIAGE,FOLIAGE,Perennial,Species of flowering plant in the family Commelinaceae,LOW,,,,false,true,false,true,true,true,2,7,MED,SUBTROPICAL,PART,MED,MED,LOW,1.5,UNSAFE,LOW,GOOD,2.4,1.6,"[""hanging"",""shade_tolerant"",""colorful""]",Trailing foliage for hanging baskets or balcony railings; silver-purple leaves; easy from cuttings.,https://upload.wikimedia.org/wikipedia/commons/thumb/f/fd/Zebrina_pendula_20060521_2_closer.jpg/330px-Zebrina_pendula_20060521_2_closer.jpg,https://upload.wikimedia.org/wikipedia/commons/thumb/f/fd/Zebrina_pendula_20060521_2_closer.jpg/330px-Zebrina_pendula_20060521_2_closer.jpg,CC,wikipedia,,1,true,no,yes,yes,yes,0.5
henna,Henna (Mehndi),Lawsonia inermis,Lythraceae,Lawsonia,Plantae,SHRUB,SHRUB,Perennial,Species of tree,LOW,,,,false,true,true,true,true,true,6,12,MED,TROPICAL|HOT_HUMID,PART,MED,MED,LOW,0,SAFE,LOW,GOOD,2,1.8,"[""native_adapted"",""fragrant"",""hedge""]",Fragrant white flowers; dense hedge; very heat and drought resistant once established.,https://upload.wikimedia.org/wikipedia/commons/thumb/5/55/Lawsonia_inermis_%283709419835%29.jpg/330px-Lawsonia_inermis_%283709419835%29.jpg,https://upload.wikimedia.org/wikipedia/commons/thumb/5/55/Lawsonia_inermis_%283709419835%29.jpg/330px-Lawsonia_inermis_%283709419835%29.jpg,CC,wikipedia,,1,true,no,yes,yes,yes,0.5
lemongrass_dense,Dense lemongrass screen,Cymbopogon flexuosus,Poaceae,Cymbopogon,Plantae,GRASS,GRASS,Perennial,Species of grass,LOW,,,,true,false,true,true,true,true,6,12,MED,TROPICAL|HOT_HUMID|MONSOON_HEAVY,PART,MED,MED,LOW,0,SAFE,HIGH,GOOD,2.5,2.5,"[""privacy_screen"",""cooling"",""wind_ok""]",East Indian variety; taller and denser than C. citratus; ideal windbreak and privacy screen.,https://upload.wikimedia.org/wikipedia/commons/thumb/0/01/Cymbopogon_flexuosus%2C_Phipps_Conservatory%2C_2015-10-10%2C_01.jpg/330px-Cymbopogon_flexuosus%2C_Phipps_Conservatory%2C_2015-10-10%2C_01.jpg,https://upload.wikimedia.org/wikipedia/commons/thumb/0/01/Cymbopogon_flexuosus%2C_Phipps_Conservatory%2C_2015-10-10%2C_01.jpg/330px-Cymbopogon_flexuosus%2C_Phipps_Conservatory%2C_2015-10-10%2C_01.jpg,CC,wikipedia,,1,true,no,yes,yes,yes,0.5
neem_dwarf,Dwarf neem,Azadirachta indica (dwarf cv.),,,Plantae,SHRUB,SHRUB,Perennial,,LOW,,,,false,true,true,true,true,true,6,12,MED,TROPICAL|HOT_HUMID,PART,MED,MED,LOW,0,SAFE,LOW,GOOD,2,1.8,"[""native_adapted"",""pest_companion"",""full_sun""]",Natural pesticide effect; large container (50L+); keep pruned on rooftops.,,,CC,,,1,true,no,no,no,yes,0.1
impatiens,Impatiens (Touch-me-not),Impatiens walleriana,Balsaminaceae,Impatiens,Plantae,ORNAMENTAL,ORNAMENTAL,Perennial,Species of flowering plant,LOW,,,,false,true,true,false,false,true,1,4,MED,TROPICAL|HOT_HUMID,PART,MED,MED,LOW,0,SAFE,HIGH,GOOD,1.5,0.8,"[""shade_only"",""color"",""annual""]",Best shade annual; keep evenly moist; avoid harsh afternoon sun on rooftops.,https://upload.wikimedia.org/wikipedia/commons/thumb/2/28/Impatienswalleriana.jpg/330px-Impatienswalleriana.jpg,https://upload.wikimedia.org/wikipedia/commons/thumb/2/28/Impatienswalleriana.jpg/330px-Impatienswalleriana.jpg,CC,wikipedia,,1,true,no,yes,yes,yes,0.5